,time,pitch
0,0.0,0.0
1,0.032,0.0
2,0.064,0.0
3,0.096,0.0
4,0.128,0.0
5,0.16,0.0
6,0.192,0.0
7,0.224,0.0
8,0.256,0.0
9,0.288,0.0
10,0.32,0.0
11,0.352,0.0
12,0.384,0.0
13,0.416,0.0
14,0.448,0.0
15,0.48,0.0
16,0.512,0.0
17,0.544,0.0
18,0.576,0.0
19,0.608,0.0
20,0.64,0.0
21,0.672,0.0
22,0.704,0.0
23,0.736,0.0
24,0.768,0.0
25,0.8,0.0
26,0.832,0.0
27,0.864,0.0
28,0.896,0.0
29,0.928,0.0
30,0.96,0.0
31,0.992,0.0
32,1.024,0.0
33,1.056,0.0
34,1.088,0.0
35,1.12,0.0
36,1.152,0.0
37,1.184,0.0
38,1.216,0.0
39,1.248,0.0
40,1.28,0.0
41,1.312,0.0
42,1.344,0.0
43,1.376,0.0
44,1.408,0.0
45,1.44,0.0
46,1.472,0.0
47,1.504,0.0
48,1.536,0.0
49,1.568,0.0
50,1.6,0.0
51,1.632,0.0
52,1.664,0.0
53,1.696,0.0
54,1.728,0.0
55,1.76,0.0
56,1.792,0.0
57,1.824,0.0
58,1.856,0.0
59,1.888,0.0
60,1.92,0.0
61,1.952,0.0
62,1.984,0.0
63,2.016,0.0
64,2.048,0.0
65,2.08,0.0
66,2.112,0.0
67,2.144,0.0
68,2.176,0.0
69,2.208,0.0
70,2.24,0.0
71,2.272,0.0
72,2.304,0.0
73,2.336,0.0
74,2.368,0.0
75,2.4,0.0
76,2.432,0.0
77,2.464,0.0
78,2.496,0.0
79,2.528,0.0
80,2.56,0.0
81,2.592,0.0
82,2.624,0.0
83,2.656,0.0
84,2.688,0.0
85,2.72,0.0
86,2.752,0.0
87,2.784,0.0
88,2.816,0.0
89,2.848,0.0
90,2.88,0.0
91,2.912,0.0
92,2.944,0.0
93,2.976,0.0
94,3.008,0.0
95,3.04,0.0
96,3.072,0.0
97,3.104,0.0
98,3.136,0.0
99,3.168,0.0
100,3.2,0.0
101,3.232,0.0
102,3.264,0.0
103,3.296,0.0
104,3.328,0.0
105,3.36,0.0
106,3.392,0.0
107,3.424,0.0
108,3.456,0.0
109,3.488,0.0
110,3.52,0.0
111,3.552,0.0
112,3.584,0.0
113,3.616,0.0
114,3.648,0.0
115,3.68,0.0
116,3.712,0.0
117,3.744,0.0
118,3.776,0.0
119,3.808,0.0
120,3.84,0.0
121,3.872,0.0
122,3.904,0.0
123,3.936,0.0
124,3.968,0.0
125,4.0,0.0
126,4.032,0.0
127,4.064,0.0
128,4.096,0.0
129,4.128,0.0
130,4.16,0.0
131,4.192,0.0
132,4.224,0.0
133,4.256,0.0
134,4.288,0.0
135,4.32,0.0
136,4.352,0.0
137,4.384,0.0
138,4.416,0.0
139,4.448,0.0
140,4.48,0.0
141,4.512,0.0
142,4.544,0.0
143,4.576,0.0
144,4.608,0.0
145,4.64,0.0
146,4.672,0.0
147,4.704,0.0
148,4.736,0.24409422278404236
149,4.768,0.24537886679172516
150,4.8,0.0
151,4.832,0.2475057691335678
152,4.864,0.0
153,4.896,0.0
154,4.928,0.0
155,4.96,0.0
156,4.992,0.0
157,5.024,0.0
158,5.056,0.0
159,5.088,0.0
160,5.12,0.0
161,5.152,0.0
162,5.184,0.0
163,5.216,0.0
164,5.248,0.0
165,5.28,0.0
166,5.312,0.0
167,5.344,0.0
168,5.376,0.0
169,5.408,0.0
170,5.44,0.0
171,5.472,0.0
172,5.504,0.0
173,5.536,0.0
174,5.568,0.0
175,5.6,0.0
176,5.632,0.0
177,5.664,0.0
178,5.696,0.0
179,5.728,0.0
180,5.76,0.0
181,5.792,0.0
182,5.824,0.0
183,5.856,0.0
184,5.888,0.0
185,5.92,0.0
186,5.952,0.0
187,5.984,0.0
188,6.016,0.0
189,6.048,0.0
190,6.08,0.0
191,6.112,0.0
192,6.144,0.0
193,6.176,0.0
194,6.208,0.0
195,6.24,0.0
196,6.272,0.0
197,6.304,0.0
198,6.336,0.0
199,6.368,0.0
200,6.4,0.0
201,6.432,0.0
202,6.464,0.0
203,6.496,0.0
204,6.528,0.0
205,6.56,0.0
206,6.592,0.0
207,6.624,0.0
208,6.656,0.0
209,6.688,0.0
210,6.72,0.0
211,6.752,0.0
212,6.784,0.0
213,6.816,0.0
214,6.848,0.0
215,6.88,0.0
216,6.912,0.0
217,6.944,0.0
218,6.976,0.0
219,7.008,0.0
220,7.04,0.0
221,7.072,0.0
222,7.104,0.0
223,7.136,0.0
224,7.168,0.0
225,7.2,0.0
226,7.232,0.0
227,7.264,0.0
228,7.296,0.0
229,7.328,0.0
230,7.36,0.0
231,7.392,0.0
232,7.424,0.0
233,7.456,0.0
234,7.488,0.0
235,7.52,0.0
236,7.552,0.0
237,7.584,0.0
238,7.616,0.0
239,7.648,0.0
240,7.68,0.0
241,7.712,0.0
242,7.744,0.0
243,7.776,0.0
244,7.808,0.0
245,7.84,0.0
246,7.872,0.0
247,7.904,0.0
248,7.936,0.0
249,7.968,0.0
250,8.0,0.0
251,8.032,0.0
252,8.064,0.0
253,8.096,0.0
254,8.128,0.0
255,8.16,0.0
256,8.192,0.0
257,8.224,0.0
258,8.256,0.0
259,8.288,0.0
260,8.32,0.0
261,8.352,0.0
262,8.384,0.0
263,8.416,0.0
264,8.448,0.0
265,8.48,0.0
266,8.512,0.0
267,8.544,0.0
268,8.576,0.0
269,8.608,0.0
270,8.64,0.0
271,8.672,0.0
272,8.704,0.0
273,8.736,0.0
274,8.768,0.0
275,8.8,0.0
276,8.832,0.0
277,8.864,0.0
278,8.896,0.0
279,8.928,0.0
280,8.96,0.0
281,8.992,0.0
282,9.024,0.0
283,9.056,0.0
284,9.088,0.0
285,9.12,0.0
286,9.152,0.0
287,9.184,0.0
288,9.216,0.0
289,9.248,0.0
290,9.28,0.0
291,9.312,0.0
292,9.344,0.0
293,9.376,0.0
294,9.408,0.0
295,9.44,0.0
296,9.472,0.0
297,9.504,0.0
298,9.536,0.0
299,9.568,0.0
300,9.6,0.0
301,9.632,0.0
302,9.664,0.0
303,9.696,0.0
304,9.728,0.0
305,9.76,0.0
306,9.792,0.0
307,9.824,0.0
308,9.856,0.0
309,9.888,0.0
310,9.92,0.0
311,9.952,0.0
312,9.984,0.0
313,10.016,0.0
314,10.048,0.0
315,10.08,0.0
316,10.112,0.0
317,10.144,0.0
318,10.176,0.0
319,10.208,0.0
320,10.24,0.0
321,10.272,0.0
322,10.304,0.0
323,10.336,0.0
324,10.368,0.0
325,10.4,0.0
326,10.432,0.0
327,10.464,0.0
328,10.496,0.0
329,10.528,0.0
330,10.56,0.0
331,10.592,0.30191609263420105
332,10.624,0.0
333,10.656,0.0
334,10.688,0.0
335,10.72,0.34602686762809753
336,10.752,0.0
337,10.784,0.0
338,10.816,0.0
339,10.848,0.0
340,10.88,0.3446967303752899
341,10.912,0.3462800681591034
342,10.944,0.0
343,10.976,0.35025373101234436
344,11.008,0.0
345,11.04,0.3509696125984192
346,11.072,0.0
347,11.104,0.0
348,11.136,0.0
349,11.168,0.0
350,11.2,0.0
351,11.232,0.0
352,11.264,0.0
353,11.296,0.0
354,11.328,0.0
355,11.36,0.0
356,11.392,0.0
357,11.424,0.346584290266037
358,11.456,0.3445504903793335
359,11.488,0.3405705690383911
360,11.52,0.0
361,11.552,0.0
362,11.584,0.0
363,11.616,0.3473629951477051
364,11.648,0.34575071930885315
365,11.68,0.0
366,11.712,0.339623361825943
367,11.744,0.3371628522872925
368,11.776,0.0
369,11.808,0.0
370,11.84,0.0
371,11.872,0.0
372,11.904,0.0
373,11.936,0.3158109188079834
374,11.968,0.31633612513542175
375,12.0,0.0
376,12.032,0.0
377,12.064,0.0
378,12.096,0.31699344515800476
379,12.128,0.314026415348053
380,12.16,0.31656476855278015
381,12.192,0.0
382,12.224,0.3197952210903168
383,12.256,0.31621265411376953
384,12.288,0.3147174119949341
385,12.32,0.31467729806900024
386,12.352,0.3162726163864136
387,12.384,0.3172767460346222
388,12.416,0.0
389,12.448,0.3156147003173828
390,12.48,0.0
391,12.512,0.0
392,12.544,0.0
393,12.576,0.0
394,12.608,0.0
395,12.64,0.0
396,12.672,0.0
397,12.704,0.0
398,12.736,0.0
399,12.768,0.3463171124458313
400,12.8,0.0
401,12.832,0.34494251012802124
402,12.864,0.34413817524909973
403,12.896,0.34486687183380127
404,12.928,0.34861209988594055
405,12.96,0.35142621397972107
406,12.992,0.34873583912849426
407,13.024,0.3452528417110443
408,13.056,0.34659528732299805
409,13.088,0.35071733593940735
410,13.12,0.3507864773273468
411,13.152,0.34724074602127075
412,13.184,0.3441565930843353
413,13.216,0.3459756374359131
414,13.248,0.34866926074028015
415,13.28,0.3495255708694458
416,13.312,0.34780827164649963
417,13.344,0.0
418,13.376,0.0
419,13.408,0.0
420,13.44,0.0
421,13.472,0.0
422,13.504,0.0
423,13.536,0.0
424,13.568,0.0
425,13.6,0.0
426,13.632,0.0
427,13.664,0.0
428,13.696,0.0
429,13.728,0.0
430,13.76,0.0
431,13.792,0.35600632429122925
432,13.824,0.0
433,13.856,0.0
434,13.888,0.0
435,13.92,0.0
436,13.952,0.0
437,13.984,0.0
438,14.016,0.0
439,14.048,0.0
440,14.08,0.0
441,14.112,0.0
442,14.144,0.0
443,14.176,0.0
444,14.208,0.0
445,14.24,0.0
446,14.272,0.0
447,14.304,0.0
448,14.336,0.0
449,14.368,0.0
450,14.4,0.0
451,14.432,0.0
452,14.464,0.0
453,14.496,0.0
454,14.528,0.0
455,14.56,0.0
456,14.592,0.0
457,14.624,0.0
458,14.656,0.0
459,14.688,0.0
460,14.72,0.0
461,14.752,0.0
462,14.784,0.0
463,14.816,0.0
464,14.848,0.38432371616363525
465,14.88,0.38376617431640625
466,14.912,0.3871525228023529
467,14.944,0.39038532972335815
468,14.976,0.0
469,15.008,0.0
470,15.04,0.3924393057823181
471,15.072,0.0
472,15.104,0.39511838555336
473,15.136,0.39081141352653503
474,15.168,0.38888120651245117
475,15.2,0.399355947971344
476,15.232,0.4006764590740204
477,15.264,0.3965972363948822
478,15.296,0.0
479,15.328,0.0
480,15.36,0.39016419649124146
481,15.392,0.39710742235183716
482,15.424,0.3986419141292572
483,15.456,0.3975197374820709
484,15.488,0.0
485,15.52,0.0
486,15.552,0.0
487,15.584,0.4253087341785431
488,15.616,0.42434898018836975
489,15.648,0.4222782552242279
490,15.68,0.4239155650138855
491,15.712,0.0
492,15.744,0.0
493,15.776,0.4269663691520691
494,15.808,0.4278474450111389
495,15.84,0.0
496,15.872,0.0
497,15.904,0.0
498,15.936,0.428043395280838
499,15.968,0.0
500,16.0,0.0
501,16.032,0.0
502,16.064,0.0
503,16.096,0.0
504,16.128,0.0
505,16.16,0.0
506,16.192,0.0
507,16.224,0.0
508,16.256,0.0
509,16.288,0.42769938707351685
510,16.32,0.42832082509994507
511,16.352,0.42716795206069946
512,16.384,0.4249701499938965
513,16.416,0.4263874888420105
514,16.448,0.4277220666408539
515,16.48,0.4262310564517975
516,16.512,0.4245849549770355
517,16.544,0.42211970686912537
518,16.576,0.41720518469810486
519,16.608,0.0
520,16.64,0.0
521,16.672,0.0
522,16.704,0.4059407413005829
523,16.736,0.0
524,16.768,0.0
525,16.8,0.38351115584373474
526,16.832,0.37599828839302063
527,16.864,0.3643081784248352
528,16.896,0.3546585738658905
529,16.928,0.35084134340286255
530,16.96,0.0
531,16.992,0.0
532,17.024,0.34497493505477905
533,17.056,0.0
534,17.088,0.0
535,17.12,0.0
536,17.152,0.0
537,17.184,0.0
538,17.216,0.0
539,17.248,0.0
540,17.28,0.0
541,17.312,0.0
542,17.344,0.3598063886165619
543,17.376,0.3613913655281067
544,17.408,0.0
545,17.44,0.3616766929626465
546,17.472,0.35678231716156006
547,17.504,0.0
548,17.536,0.0
549,17.568,0.35151079297065735
550,17.6,0.3506430387496948
551,17.632,0.344579815864563
552,17.664,0.3397267460823059
553,17.696,0.0
554,17.728,0.3498435318470001
555,17.76,0.35513994097709656
556,17.792,0.35131752490997314
557,17.824,0.3445722460746765
558,17.856,0.3425242006778717
559,17.888,0.3462364673614502
560,17.92,0.35294046998023987
561,17.952,0.3519287407398224
562,17.984,0.3457719683647156
563,18.016,0.34230294823646545
564,18.048,0.3437627851963043
565,18.08,0.34802865982055664
566,18.112,0.35049182176589966
567,18.144,0.3479246199131012
568,18.176,0.34491875767707825
569,18.208,0.3495464026927948
570,18.24,0.3504337668418884
571,18.272,0.0
572,18.304,0.0
573,18.336,0.0
574,18.368,0.0
575,18.4,0.0
576,18.432,0.0
577,18.464,0.0
578,18.496,0.0
579,18.528,0.0
580,18.56,0.0
581,18.592,0.0
582,18.624,0.0
583,18.656,0.0
584,18.688,0.0
585,18.72,0.0
586,18.752,0.0
587,18.784,0.0
588,18.816,0.0
589,18.848,0.0
590,18.88,0.0
591,18.912,0.0
592,18.944,0.0
593,18.976,0.0
594,19.008,0.0
595,19.04,0.0
596,19.072,0.0
597,19.104,0.0
598,19.136,0.0
599,19.168,0.0
600,19.2,0.0
601,19.232,0.0
602,19.264,0.0
603,19.296,0.0
604,19.328,0.0
605,19.36,0.0
606,19.392,0.0
607,19.424,0.0
608,19.456,0.0
609,19.488,0.0
610,19.52,0.0
611,19.552,0.0
612,19.584,0.0
613,19.616,0.0
614,19.648,0.0
615,19.68,0.0
616,19.712,0.0
617,19.744,0.0
618,19.776,0.0
619,19.808,0.0
620,19.84,0.0
621,19.872,0.3623550236225128
622,19.904,0.35371389985084534
623,19.936,0.0
624,19.968,0.0
625,20.0,0.0
626,20.032,0.33976805210113525
627,20.064,0.0
628,20.096,0.0
629,20.128,0.0
630,20.16,0.0
631,20.192,0.3590647578239441
632,20.224,0.36646661162376404
633,20.256,0.36671388149261475
634,20.288,0.36370566487312317
635,20.32,0.0
636,20.352,0.0
637,20.384,0.0
638,20.416,0.0
639,20.448,0.0
640,20.48,0.0
641,20.512,0.3600117266178131
642,20.544,0.0
643,20.576,0.3583972156047821
644,20.608,0.36463579535484314
645,20.64,0.0
646,20.672,0.36296340823173523
647,20.704,0.3647056221961975
648,20.736,0.3710491955280304
649,20.768,0.0
650,20.8,0.0
651,20.832,0.0
652,20.864,0.42039597034454346
653,20.896,0.4161299169063568
654,20.928,0.40673741698265076
655,20.96,0.0
656,20.992,0.39735502004623413
657,21.024,0.0
658,21.056,0.0
659,21.088,0.0
660,21.12,0.0
661,21.152,0.0
662,21.184,0.0
663,21.216,0.0
664,21.248,0.0
665,21.28,0.0
666,21.312,0.3985118567943573
667,21.344,0.39600804448127747
668,21.376,0.0
669,21.408,0.0
670,21.44,0.0
671,21.472,0.0
672,21.504,0.0
673,21.536,0.0
674,21.568,0.0
675,21.6,0.0
676,21.632,0.0
677,21.664,0.0
678,21.696,0.0
679,21.728,0.0
680,21.76,0.0
681,21.792,0.0
682,21.824,0.0
683,21.856,0.0
684,21.888,0.0
685,21.92,0.0
686,21.952,0.0
687,21.984,0.0
688,22.016,0.0
689,22.048,0.0
690,22.08,0.0
691,22.112,0.0
692,22.144,0.36141863465309143
693,22.176,0.36181899905204773
694,22.208,0.363438218832016
695,22.24,0.3652178943157196
696,22.272,0.36444446444511414
697,22.304,0.3590935468673706
698,22.336,0.3479571044445038
699,22.368,0.33708807826042175
700,22.4,0.0
701,22.432,0.0
702,22.464,0.0
703,22.496,0.33133387565612793
704,22.528,0.0
705,22.56,0.3419414162635803
706,22.592,0.3491894006729126
707,22.624,0.0
708,22.656,0.0
709,22.688,0.0
710,22.72,0.3615681529045105
711,22.752,0.0
712,22.784,0.0
713,22.816,0.0
714,22.848,0.0
715,22.88,0.0
716,22.912,0.0
717,22.944,0.0
718,22.976,0.3455892503261566
719,23.008,0.34806686639785767
720,23.04,0.348376989364624
721,23.072,0.35061347484588623
722,23.104,0.3503950238227844
723,23.136,0.34842953085899353
724,23.168,0.34593266248703003
725,23.2,0.0
726,23.232,0.0
727,23.264,0.32625797390937805
728,23.296,0.0
729,23.328,0.0
730,23.36,0.32249876856803894
731,23.392,0.3180387020111084
732,23.424,0.0
733,23.456,0.0
734,23.488,0.3208281695842743
735,23.52,0.0
736,23.552,0.0
737,23.584,0.0
738,23.616,0.3159966468811035
739,23.648,0.311155766248703
740,23.68,0.30124127864837646
741,23.712,0.2884860634803772
742,23.744,0.0
743,23.776,0.2865711748600006
744,23.808,0.0
745,23.84,0.28489819169044495
746,23.872,0.0
747,23.904,0.0
748,23.936,0.2873454689979553
749,23.968,0.2891111671924591
750,24.0,0.2847287356853485
751,24.032,0.2818242609500885
752,24.064,0.2819956839084625
753,24.096,0.2834094166755676
754,24.128,0.2851153612136841
755,24.16,0.28664109110832214
756,24.192,0.2875654995441437
757,24.224,0.0
758,24.256,0.0
759,24.288,0.0
760,24.32,0.0
761,24.352,0.0
762,24.384,0.0
763,24.416,0.0
764,24.448,0.0
765,24.48,0.0
766,24.512,0.0
767,24.544,0.0
768,24.576,0.0
769,24.608,0.0
770,24.64,0.0
771,24.672,0.0
772,24.704,0.0
773,24.736,0.0
774,24.768,0.0
775,24.8,0.28056856989860535
776,24.832,0.28461411595344543
777,24.864,0.0
778,24.896,0.28434574604034424
779,24.928,0.0
780,24.96,0.0
781,24.992,0.2823982536792755
782,25.024,0.0
783,25.056,0.0
784,25.088,0.290554404258728
785,25.12,0.28998854756355286
786,25.152,0.2897496223449707
787,25.184,0.2878631353378296
788,25.216,0.28538277745246887
789,25.248,0.0
790,25.28,0.0
791,25.312,0.28573721647262573
792,25.344,0.0
793,25.376,0.28135207295417786
794,25.408,0.0
795,25.44,0.2834545075893402
796,25.472,0.0
797,25.504,0.2814561724662781
798,25.536,0.2747548818588257
799,25.568,0.0
800,25.6,0.0
801,25.632,0.23772042989730835
802,25.664,0.24045582115650177
803,25.696,0.0
804,25.728,0.0
805,25.76,0.0
806,25.792,0.0
807,25.824,0.0
808,25.856,0.0
809,25.888,0.0
810,25.92,0.0
811,25.952,0.0
812,25.984,0.0
813,26.016,0.0
814,26.048,0.0
815,26.08,0.0
816,26.112,0.0
817,26.144,0.0
818,26.176,0.0
819,26.208,0.24010074138641357
820,26.24,0.24377349019050598
821,26.272,0.0
822,26.304,0.0
823,26.336,0.0
824,26.368,0.2802795171737671
825,26.4,0.0
826,26.432,0.0
827,26.464,0.0
828,26.496,0.0
829,26.528,0.0
830,26.56,0.0
831,26.592,0.0
832,26.624,0.2841188907623291
833,26.656,0.0
834,26.688,0.2838497459888458
835,26.72,0.2836271822452545
836,26.752,0.2849216163158417
837,26.784,0.28548309206962585
838,26.816,0.0
839,26.848,0.0
840,26.88,0.31936296820640564
841,26.912,0.31827861070632935
842,26.944,0.31610313057899475
843,26.976,0.3140419125556946
844,27.008,0.3123641312122345
845,27.04,0.3080791234970093
846,27.072,0.3016972839832306
847,27.104,0.0
848,27.136,0.0
849,27.168,0.29705145955085754
850,27.2,0.2948184609413147
851,27.232,0.29280245304107666
852,27.264,0.29656466841697693
853,27.296,0.30754196643829346
854,27.328,0.3124508559703827
855,27.36,0.3148304522037506
856,27.392,0.3159225881099701
857,27.424,0.31599101424217224
858,27.456,0.3133288621902466
859,27.488,0.31152236461639404
860,27.52,0.3119230568408966
861,27.552,0.3163202106952667
862,27.584,0.3201821446418762
863,27.616,0.31713545322418213
864,27.648,0.3127589225769043
865,27.68,0.31268975138664246
866,27.712,0.31758129596710205
867,27.744,0.3222530782222748
868,27.776,0.3214899003505707
869,27.808,0.3159310519695282
870,27.84,0.0
871,27.872,0.31730252504348755
872,27.904,0.31504327058792114
873,27.936,0.31119149923324585
874,27.968,0.3107641041278839
875,28.0,0.3125171661376953
876,28.032,0.3123660981655121
877,28.064,0.0
878,28.096,0.30978384613990784
879,28.128,0.3069630563259125
880,28.16,0.0
881,28.192,0.0
882,28.224,0.0
883,28.256,0.0
884,28.288,0.0
885,28.32,0.0
886,28.352,0.0
887,28.384,0.0
888,28.416,0.0
889,28.448,0.0
890,28.48,0.0
891,28.512,0.0
892,28.544,0.0
893,28.576,0.0
894,28.608,0.0
895,28.64,0.0
896,28.672,0.0
897,28.704,0.0
898,28.736,0.0
899,28.768,0.0
900,28.8,0.0
901,28.832,0.0
902,28.864,0.0
903,28.896,0.0
904,28.928,0.0
905,28.96,0.0
906,28.992,0.0
907,29.024,0.0
908,29.056,0.0
909,29.088,0.0
910,29.12,0.0
911,29.152,0.0
912,29.184,0.0
913,29.216,0.0
914,29.248,0.0
915,29.28,0.0
916,29.312,0.0
917,29.344,0.0
918,29.376,0.0
919,29.408,0.0
920,29.44,0.0
921,29.472,0.0
922,29.504,0.0
923,29.536,0.0
924,29.568,0.0
925,29.6,0.0
926,29.632,0.0
927,29.664,0.0
928,29.696,0.0
929,29.728,0.0
930,29.76,0.0
931,29.792,0.0
932,29.824,0.0
933,29.856,0.0
934,29.888,0.0
935,29.92,0.0
936,29.952,0.3211471438407898
937,29.984,0.0
938,30.016,0.0
939,30.048,0.3376973569393158
940,30.08,0.344582200050354
941,30.112,0.34923192858695984
942,30.144,0.0
943,30.176,0.341189444065094
944,30.208,0.3393081724643707
945,30.24,0.34564152359962463
946,30.272,0.0
947,30.304,0.0
948,30.336,0.0
949,30.368,0.0
950,30.4,0.0
951,30.432,0.0
952,30.464,0.0
953,30.496,0.0
954,30.528,0.0
955,30.56,0.3511563837528229
956,30.592,0.3506770730018616
957,30.624,0.34901687502861023
958,30.656,0.0
959,30.688,0.3399074971675873
960,30.72,0.0
961,30.752,0.0
962,30.784,0.0
963,30.816,0.0
964,30.848,0.3473794758319855
965,30.88,0.3462982177734375
966,30.912,0.3445053696632385
967,30.944,0.0
968,30.976,0.0
969,31.008,0.0
970,31.04,0.3156609833240509
971,31.072,0.316975861787796
972,31.104,0.3171238899230957
973,31.136,0.316718190908432
974,31.168,0.3162946105003357
975,31.2,0.0
976,31.232,0.31637683510780334
977,31.264,0.31504735350608826
978,31.296,0.31275779008865356
979,31.328,0.3122534155845642
980,31.36,0.31356510519981384
981,31.392,0.3173717260360718
982,31.424,0.3162492513656616
983,31.456,0.3131970763206482
984,31.488,0.0
985,31.52,0.31206652522087097
986,31.552,0.31398439407348633
987,31.584,0.3165176808834076
988,31.616,0.3216583728790283
989,31.648,0.3315015733242035
990,31.68,0.3414995074272156
991,31.712,0.0
992,31.744,0.0
993,31.776,0.3506545126438141
994,31.808,0.0
995,31.84,0.0
996,31.872,0.0
997,31.904,0.0
998,31.936,0.3469941318035126
999,31.968,0.3462280035018921
1000,32.0,0.3440796434879303
1001,32.032,0.340889573097229
1002,32.064,0.34009671211242676
1003,32.096,0.3450557291507721
1004,32.128,0.3507210910320282
1005,32.16,0.3519603908061981
1006,32.192,0.3452506959438324
1007,32.224,0.3386666774749756
1008,32.256,0.3422316908836365
1009,32.288,0.3514561951160431
1010,32.32,0.35244515538215637
1011,32.352,0.34684351086616516
1012,32.384,0.0
1013,32.416,0.3456224203109741
1014,32.448,0.0
1015,32.48,0.0
1016,32.512,0.0
1017,32.544,0.0
1018,32.576,0.3492794334888458
1019,32.608,0.0
1020,32.64,0.0
1021,32.672,0.0
1022,32.704,0.0
1023,32.736,0.0
1024,32.768,0.0
1025,32.8,0.0
1026,32.832,0.0
1027,32.864,0.0
1028,32.896,0.0
1029,32.928,0.0
1030,32.96,0.0
1031,32.992,0.0
1032,33.024,0.0
1033,33.056,0.0
1034,33.088,0.0
1035,33.12,0.0
1036,33.152,0.0
1037,33.184,0.0
1038,33.216,0.0
1039,33.248,0.0
1040,33.28,0.0
1041,33.312,0.0
1042,33.344,0.0
1043,33.376,0.0
1044,33.408,0.0
1045,33.44,0.0
1046,33.472,0.0
1047,33.504,0.0
1048,33.536,0.0
1049,33.568,0.0
1050,33.6,0.0
1051,33.632,0.0
1052,33.664,0.0
1053,33.696,0.0
1054,33.728,0.0
1055,33.76,0.0
1056,33.792,0.0
1057,33.824,0.0
1058,33.856,0.0
1059,33.888,0.0
1060,33.92,0.0
1061,33.952,0.0
1062,33.984,0.0
1063,34.016,0.0
1064,34.048,0.0
1065,34.08,0.0
1066,34.112,0.0
1067,34.144,0.0
1068,34.176,0.0
1069,34.208,0.0
1070,34.24,0.0
1071,34.272,0.3923935294151306
1072,34.304,0.3919386863708496
1073,34.336,0.0
1074,34.368,0.0
1075,34.4,0.3968470096588135
1076,34.432,0.3960850238800049
1077,34.464,0.0
1078,34.496,0.0
1079,34.528,0.0
1080,34.56,0.39152345061302185
1081,34.592,0.39502203464508057
1082,34.624,0.3981771171092987
1083,34.656,0.39975249767303467
1084,34.688,0.40289250016212463
1085,34.72,0.4212496876716614
1086,34.752,0.424600750207901
1087,34.784,0.4261823892593384
1088,34.816,0.4262494742870331
1089,34.848,0.0
1090,34.88,0.0
1091,34.912,0.0
1092,34.944,0.0
1093,34.976,0.0
1094,35.008,0.4247214198112488
1095,35.04,0.42746931314468384
1096,35.072,0.42386725544929504
1097,35.104,0.0
1098,35.136,0.42138317227363586
1099,35.168,0.42368796467781067
1100,35.2,0.42553138732910156
1101,35.232,0.4248789846897125
1102,35.264,0.42485347390174866
1103,35.296,0.0
1104,35.328,0.4255439341068268
1105,35.36,0.0
1106,35.392,0.0
1107,35.424,0.42460036277770996
1108,35.456,0.4241337478160858
1109,35.488,0.4252438545227051
1110,35.52,0.4257040023803711
1111,35.552,0.42651379108428955
1112,35.584,0.4289903938770294
1113,35.616,0.4261098802089691
1114,35.648,0.0
1115,35.68,0.0
1116,35.712,0.4271361529827118
1117,35.744,0.42290201783180237
1118,35.776,0.41369807720184326
1119,35.808,0.0
1120,35.84,0.0
1121,35.872,0.0
1122,35.904,0.3928926885128021
1123,35.936,0.0
1124,35.968,0.38685035705566406
1125,36.0,0.3757285475730896
1126,36.032,0.3582439720630646
1127,36.064,0.0
1128,36.096,0.0
1129,36.128,0.0
1130,36.16,0.0
1131,36.192,0.0
1132,36.224,0.0
1133,36.256,0.0
1134,36.288,0.0
1135,36.32,0.0
1136,36.352,0.0
1137,36.384,0.0
1138,36.416,0.0
1139,36.448,0.0
1140,36.48,0.0
1141,36.512,0.36065441370010376
1142,36.544,0.3611240088939667
1143,36.576,0.3600600063800812
1144,36.608,0.35603490471839905
1145,36.64,0.0
1146,36.672,0.0
1147,36.704,0.34956204891204834
1148,36.736,0.35102736949920654
1149,36.768,0.3510085344314575
1150,36.8,0.3466382920742035
1151,36.832,0.0
1152,36.864,0.34720614552497864
1153,36.896,0.3549134135246277
1154,36.928,0.3567674458026886
1155,36.96,0.3488491475582123
1156,36.992,0.3439328968524933
1157,37.024,0.0
1158,37.056,0.3500532805919647
1159,37.088,0.35270678997039795
1160,37.12,0.34772592782974243
1161,37.152,0.0
1162,37.184,0.0
1163,37.216,0.0
1164,37.248,0.0
1165,37.28,0.0
1166,37.312,0.0
1167,37.344,0.3500176966190338
1168,37.376,0.0
1169,37.408,0.0
1170,37.44,0.0
1171,37.472,0.0
1172,37.504,0.0
1173,37.536,0.0
1174,37.568,0.0
1175,37.6,0.0
1176,37.632,0.0
1177,37.664,0.0
1178,37.696,0.0
1179,37.728,0.0
1180,37.76,0.0
1181,37.792,0.0
1182,37.824,0.0
1183,37.856,0.0
1184,37.888,0.0
1185,37.92,0.0
1186,37.952,0.0
1187,37.984,0.0
1188,38.016,0.0
1189,38.048,0.0
1190,38.08,0.0
1191,38.112,0.0
1192,38.144,0.0
1193,38.176,0.0
1194,38.208,0.0
1195,38.24,0.0
1196,38.272,0.0
1197,38.304,0.0
1198,38.336,0.0
1199,38.368,0.0
1200,38.4,0.0
1201,38.432,0.0
1202,38.464,0.0
1203,38.496,0.0
1204,38.528,0.0
1205,38.56,0.0
1206,38.592,0.0
1207,38.624,0.0
1208,38.656,0.0
1209,38.688,0.0
1210,38.72,0.0
1211,38.752,0.0
1212,38.784,0.0
1213,38.816,0.0
1214,38.848,0.0
1215,38.88,0.0
1216,38.912,0.0
1217,38.944,0.0
1218,38.976,0.3472810387611389
1219,39.008,0.0
1220,39.04,0.0
1221,39.072,0.0
1222,39.104,0.0
1223,39.136,0.3470178246498108
1224,39.168,0.0
1225,39.2,0.0
1226,39.232,0.0
1227,39.264,0.34705451130867004
1228,39.296,0.3481675982475281
1229,39.328,0.35520461201667786
1230,39.36,0.3612353503704071
1231,39.392,0.0
1232,39.424,0.0
1233,39.456,0.0
1234,39.488,0.0
1235,39.52,0.0
1236,39.552,0.0
1237,39.584,0.36326539516448975
1238,39.616,0.35981491208076477
1239,39.648,0.0
1240,39.68,0.0
1241,39.712,0.0
1242,39.744,0.0
1243,39.776,0.3684455156326294
1244,39.808,0.3649831712245941
1245,39.84,0.3615749180316925
1246,39.872,0.3615873157978058
1247,39.904,0.0
1248,39.936,0.0
1249,39.968,0.0
1250,40.0,0.4335833191871643
1251,40.032,0.0
1252,40.064,0.42219972610473633
1253,40.096,0.4138638973236084
1254,40.128,0.40112414956092834
1255,40.16,0.0
1256,40.192,0.0
1257,40.224,0.0
1258,40.256,0.0
1259,40.288,0.0
1260,40.32,0.39804184436798096
1261,40.352,0.3937724232673645
1262,40.384,0.0
1263,40.416,0.38781797885894775
1264,40.448,0.0
1265,40.48,0.39856016635894775
1266,40.512,0.398482084274292
1267,40.544,0.0
1268,40.576,0.3858131170272827
1269,40.608,0.0
1270,40.64,0.39626407623291016
1271,40.672,0.39775365591049194
1272,40.704,0.3907923698425293
1273,40.736,0.3874582350254059
1274,40.768,0.3908187448978424
1275,40.8,0.0
1276,40.832,0.0
1277,40.864,0.3936619460582733
1278,40.896,0.0
1279,40.928,0.0
1280,40.96,0.0
1281,40.992,0.39139118790626526
1282,41.024,0.3895542621612549
1283,41.056,0.0
1284,41.088,0.0
1285,41.12,0.0
1286,41.152,0.0
1287,41.184,0.0
1288,41.216,0.3602162301540375
1289,41.248,0.37459099292755127
1290,41.28,0.387127548456192
1291,41.312,0.39251965284347534
1292,41.344,0.39380404353141785
1293,41.376,0.0
1294,41.408,0.0
1295,41.44,0.0
1296,41.472,0.0
1297,41.504,0.0
1298,41.536,0.38914743065834045
1299,41.568,0.3857026696205139
1300,41.6,0.39171114563941956
1301,41.632,0.3941681385040283
1302,41.664,0.3891216218471527
1303,41.696,0.3772699534893036
1304,41.728,0.35349175333976746
1305,41.76,0.0
1306,41.792,0.0
1307,41.824,0.0
1308,41.856,0.0
1309,41.888,0.3424989581108093
1310,41.92,0.0
1311,41.952,0.0
1312,41.984,0.0
1313,42.016,0.0
1314,42.048,0.0
1315,42.08,0.3521275818347931
1316,42.112,0.0
1317,42.144,0.0
1318,42.176,0.0
1319,42.208,0.0
1320,42.24,0.39465707540512085
1321,42.272,0.0
1322,42.304,0.0
1323,42.336,0.0
1324,42.368,0.3942957818508148
1325,42.4,0.0
1326,42.432,0.3908982574939728
1327,42.464,0.3894630968570709
1328,42.496,0.0
1329,42.528,0.45595067739486694
1330,42.56,0.0
1331,42.592,0.4525619447231293
1332,42.624,0.455926775932312
1333,42.656,0.0
1334,42.688,0.4600425958633423
1335,42.72,0.45847776532173157
1336,42.752,0.45646175742149353
1337,42.784,0.4530514180660248
1338,42.816,0.4497115910053253
1339,42.848,0.0
1340,42.88,0.0
1341,42.912,0.4269465208053589
1342,42.944,0.0
1343,42.976,0.0
1344,43.008,0.0
1345,43.04,0.4210852086544037
1346,43.072,0.42432790994644165
1347,43.104,0.4312533736228943
1348,43.136,0.4313892424106598
1349,43.168,0.0
1350,43.2,0.42002445459365845
1351,43.232,0.42486730217933655
1352,43.264,0.42937880754470825
1353,43.296,0.42676493525505066
1354,43.328,0.4211988151073456
1355,43.36,0.42371848225593567
1356,43.392,0.42544612288475037
1357,43.424,0.0
1358,43.456,0.0
1359,43.488,0.0
1360,43.52,0.0
1361,43.552,0.0
1362,43.584,0.0
1363,43.616,0.0
1364,43.648,0.0
1365,43.68,0.0
1366,43.712,0.44000813364982605
1367,43.744,0.4411390721797943
1368,43.776,0.4419831335544586
1369,43.808,0.0
1370,43.84,0.45607659220695496
1371,43.872,0.46542543172836304
1372,43.904,0.0
1373,43.936,0.0
1374,43.968,0.45396751165390015
1375,44.0,0.0
1376,44.032,0.0
1377,44.064,0.45717868208885193
1378,44.096,0.0
1379,44.128,0.4529574513435364
1380,44.16,0.4577139616012573
1381,44.192,0.0
1382,44.224,0.0
1383,44.256,0.0
1384,44.288,0.0
1385,44.32,0.0
1386,44.352,0.47068580985069275
1387,44.384,0.0
1388,44.416,0.0
1389,44.448,0.0
1390,44.48,0.0
1391,44.512,0.0
1392,44.544,0.0
1393,44.576,0.0
1394,44.608,0.0
1395,44.64,0.0
1396,44.672,0.0
1397,44.704,0.0
1398,44.736,0.0
1399,44.768,0.0
1400,44.8,0.0
1401,44.832,0.42424044013023376
1402,44.864,0.42444032430648804
1403,44.896,0.4254221022129059
1404,44.928,0.42837318778038025
1405,44.96,0.4281443655490875
1406,44.992,0.4257660508155823
1407,45.024,0.0
1408,45.056,0.0
1409,45.088,0.0
1410,45.12,0.0
1411,45.152,0.0
1412,45.184,0.4224309027194977
1413,45.216,0.0
1414,45.248,0.0
1415,45.28,0.0
1416,45.312,0.0
1417,45.344,0.0
1418,45.376,0.0
1419,45.408,0.0
1420,45.44,0.41271844506263733
1421,45.472,0.0
1422,45.504,0.0
1423,45.536,0.0
1424,45.568,0.0
1425,45.6,0.0
1426,45.632,0.0
1427,45.664,0.0
1428,45.696,0.0
1429,45.728,0.0
1430,45.76,0.0
1431,45.792,0.0
1432,45.824,0.0
1433,45.856,0.0
1434,45.888,0.0
1435,45.92,0.0
1436,45.952,0.0
1437,45.984,0.0
1438,46.016,0.0
1439,46.048,0.0
1440,46.08,0.0
1441,46.112,0.0
1442,46.144,0.0
1443,46.176,0.0
1444,46.208,0.0
1445,46.24,0.0
1446,46.272,0.0
1447,46.304,0.0
1448,46.336,0.0
1449,46.368,0.0
1450,46.4,0.0
1451,46.432,0.0
1452,46.464,0.0
1453,46.496,0.0
1454,46.528,0.0
1455,46.56,0.0
1456,46.592,0.0
1457,46.624,0.0
1458,46.656,0.0
1459,46.688,0.0
1460,46.72,0.0
1461,46.752,0.0
1462,46.784,0.0
1463,46.816,0.0
1464,46.848,0.0
1465,46.88,0.0
1466,46.912,0.0
1467,46.944,0.0
1468,46.976,0.0
1469,47.008,0.0
1470,47.04,0.0
1471,47.072,0.0
1472,47.104,0.0
1473,47.136,0.0
1474,47.168,0.0
1475,47.2,0.0
1476,47.232,0.0
1477,47.264,0.0
1478,47.296,0.0
1479,47.328,0.0
1480,47.36,0.504152774810791
1481,47.392,0.0
1482,47.424,0.0
1483,47.456,0.0
1484,47.488,0.0
1485,47.52,0.0
1486,47.552,0.0
1487,47.584,0.0
1488,47.616,0.0
1489,47.648,0.0
1490,47.68,0.0
1491,47.712,0.0
1492,47.744,0.0
1493,47.776,0.0
1494,47.808,0.0
1495,47.84,0.0
1496,47.872,0.0
1497,47.904,0.3982599675655365
1498,47.936,0.0
1499,47.968,0.0
1500,48.0,0.0
1501,48.032,0.0
1502,48.064,0.0
1503,48.096,0.0
1504,48.128,0.0
1505,48.16,0.0
1506,48.192,0.0
1507,48.224,0.0
1508,48.256,0.0
1509,48.288,0.0
1510,48.32,0.3901328146457672
1511,48.352,0.0
1512,48.384,0.0
1513,48.416,0.0
1514,48.448,0.44092828035354614
1515,48.48,0.4540064036846161
1516,48.512,0.0
1517,48.544,0.0
1518,48.576,0.0
1519,48.608,0.0
1520,48.64,0.0
1521,48.672,0.0
1522,48.704,0.0
1523,48.736,0.46950048208236694
1524,48.768,0.0
1525,48.8,0.0
1526,48.832,0.0
1527,48.864,0.0
1528,48.896,0.0
1529,48.928,0.0
1530,48.96,0.0
1531,48.992,0.0
1532,49.024,0.0
1533,49.056,0.0
1534,49.088,0.0
1535,49.12,0.0
1536,49.152,0.0
1537,49.184,0.0
1538,49.216,0.0
1539,49.248,0.0
1540,49.28,0.0
1541,49.312,0.0
1542,49.344,0.0
1543,49.376,0.0
1544,49.408,0.0
1545,49.44,0.5301235914230347
1546,49.472,0.0
1547,49.504,0.0
1548,49.536,0.5239992141723633
1549,49.568,0.0
1550,49.6,0.0
1551,49.632,0.0
1552,49.664,0.0
1553,49.696,0.0
1554,49.728,0.0
1555,49.76,0.0
1556,49.792,0.0
1557,49.824,0.0
1558,49.856,0.0
1559,49.888,0.0
1560,49.92,0.0
1561,49.952,0.0
1562,49.984,0.0
1563,50.016,0.5076876878738403
1564,50.048,0.5107059478759766
1565,50.08,0.5068624019622803
1566,50.112,0.4985705018043518
1567,50.144,0.49602481722831726
1568,50.176,0.5041531324386597
1569,50.208,0.5067318677902222
1570,50.24,0.5080627799034119
1571,50.272,0.5107401013374329
1572,50.304,0.0
1573,50.336,0.5084794759750366
1574,50.368,0.0
1575,50.4,0.0
1576,50.432,0.0
1577,50.464,0.0
1578,50.496,0.0
1579,50.528,0.0
1580,50.56,0.0
1581,50.592,0.0
1582,50.624,0.0
1583,50.656,0.0
1584,50.688,0.0
1585,50.72,0.0
1586,50.752,0.0
1587,50.784,0.0
1588,50.816,0.0
1589,50.848,0.0
1590,50.88,0.0
1591,50.912,0.0
1592,50.944,0.0
1593,50.976,0.0
1594,51.008,0.0
1595,51.04,0.0
1596,51.072,0.0
1597,51.104,0.0
1598,51.136,0.0
1599,51.168,0.0
1600,51.2,0.0
1601,51.232,0.0
1602,51.264,0.4368561804294586
1603,51.296,0.4268922805786133
1604,51.328,0.0
1605,51.36,0.4258601665496826
1606,51.392,0.0
1607,51.424,0.0
1608,51.456,0.0
1609,51.488,0.0
1610,51.52,0.0
1611,51.552,0.0
1612,51.584,0.0
1613,51.616,0.42147016525268555
1614,51.648,0.4161234200000763
1615,51.68,0.4271501898765564
1616,51.712,0.43619197607040405
1617,51.744,0.42884767055511475
1618,51.776,0.41533026099205017
1619,51.808,0.41815194487571716
1620,51.84,0.4290412366390228
1621,51.872,0.0
1622,51.904,0.0
1623,51.936,0.0
1624,51.968,0.0
1625,52.0,0.0
1626,52.032,0.0
1627,52.064,0.0
1628,52.096,0.0
1629,52.128,0.0
1630,52.16,0.0
1631,52.192,0.0
1632,52.224,0.0
1633,52.256,0.0
1634,52.288,0.5383005142211914
1635,52.32,0.0
1636,52.352,0.0
1637,52.384,0.5019711852073669
1638,52.416,0.0
1639,52.448,0.0
1640,52.48,0.0
1641,52.512,0.0
1642,52.544,0.0
1643,52.576,0.0
1644,52.608,0.0
1645,52.64,0.0
1646,52.672,0.0
1647,52.704,0.0
1648,52.736,0.0
1649,52.768,0.0
1650,52.8,0.0
1651,52.832,0.0
1652,52.864,0.0
1653,52.896,0.0
1654,52.928,0.0
1655,52.96,0.0
1656,52.992,0.0
1657,53.024,0.0
1658,53.056,0.0
1659,53.088,0.0
1660,53.12,0.0
1661,53.152,0.0
1662,53.184,0.0
1663,53.216,0.0
1664,53.248,0.0
1665,53.28,0.0
1666,53.312,0.0
1667,53.344,0.0
1668,53.376,0.0
1669,53.408,0.0
1670,53.44,0.0
1671,53.472,0.0
1672,53.504,0.0
1673,53.536,0.0
1674,53.568,0.0
1675,53.6,0.0
1676,53.632,0.0
1677,53.664,0.0
1678,53.696,0.0
1679,53.728,0.0
1680,53.76,0.0
1681,53.792,0.0
1682,53.824,0.0
1683,53.856,0.0
1684,53.888,0.42346006631851196
1685,53.92,0.43007540702819824
1686,53.952,0.4280191957950592
1687,53.984,0.4201176166534424
1688,54.016,0.41937869787216187
1689,54.048,0.4286704659461975
1690,54.08,0.0
1691,54.112,0.424275666475296
1692,54.144,0.41776663064956665
1693,54.176,0.4246915280818939
1694,54.208,0.43267297744750977
1695,54.24,0.43134596943855286
1696,54.272,0.4288270175457001
1697,54.304,0.0
1698,54.336,0.0
1699,54.368,0.0
1700,54.4,0.0
1701,54.432,0.0
1702,54.464,0.0
1703,54.496,0.0
1704,54.528,0.0
1705,54.56,0.0
1706,54.592,0.0
1707,54.624,0.0
1708,54.656,0.0
1709,54.688,0.0
1710,54.72,0.0
1711,54.752,0.5355774760246277
1712,54.784,0.0
1713,54.816,0.0
1714,54.848,0.0
1715,54.88,0.0
1716,54.912,0.0
1717,54.944,0.0
1718,54.976,0.0
1719,55.008,0.0
1720,55.04,0.5296159982681274
1721,55.072,0.0
1722,55.104,0.0
1723,55.136,0.5205223560333252
1724,55.168,0.5127555131912231
1725,55.2,0.0
1726,55.232,0.0
1727,55.264,0.0
1728,55.296,0.0
1729,55.328,0.0
1730,55.36,0.0
1731,55.392,0.0
1732,55.424,0.4709049165248871
1733,55.456,0.0
1734,55.488,0.0
1735,55.52,0.0
1736,55.552,0.0
1737,55.584,0.0
1738,55.616,0.0
1739,55.648,0.0
1740,55.68,0.0
1741,55.712,0.0
1742,55.744,0.0
1743,55.776,0.0
1744,55.808,0.0
1745,55.84,0.0
1746,55.872,0.0
1747,55.904,0.0
1748,55.936,0.0
1749,55.968,0.4640681743621826
1750,56.0,0.0
1751,56.032,0.0
1752,56.064,0.0
1753,56.096,0.0
1754,56.128,0.0
1755,56.16,0.0
1756,56.192,0.4662400484085083
1757,56.224,0.0
1758,56.256,0.0
1759,56.288,0.0
1760,56.32,0.0
1761,56.352,0.5185181498527527
1762,56.384,0.509252667427063
1763,56.416,0.0
1764,56.448,0.0
1765,56.48,0.0
1766,56.512,0.0
1767,56.544,0.0
1768,56.576,0.5327041149139404
1769,56.608,0.5209998488426208
1770,56.64,0.0
1771,56.672,0.0
1772,56.704,0.0
1773,56.736,0.0
1774,56.768,0.0
1775,56.8,0.523699164390564
1776,56.832,0.0
1777,56.864,0.0
1778,56.896,0.0
1779,56.928,0.0
1780,56.96,0.0
1781,56.992,0.5241343975067139
1782,57.024,0.0
1783,57.056,0.0
1784,57.088,0.0
1785,57.12,0.0
1786,57.152,0.0
1787,57.184,0.0
1788,57.216,0.0
1789,57.248,0.0
1790,57.28,0.0
1791,57.312,0.0
1792,57.344,0.0
1793,57.376,0.0
1794,57.408,0.0
1795,57.44,0.0
1796,57.472,0.0
1797,57.504,0.0
1798,57.536,0.0
1799,57.568,0.0
1800,57.6,0.0
1801,57.632,0.0
1802,57.664,0.3954521119594574
1803,57.696,0.0
1804,57.728,0.3916851282119751
1805,57.76,0.3816284239292145
1806,57.792,0.0
1807,57.824,0.38899025321006775
1808,57.856,0.39628833532333374
1809,57.888,0.0
1810,57.92,0.0
1811,57.952,0.0
1812,57.984,0.0
1813,58.016,0.4268980920314789
1814,58.048,0.0
1815,58.08,0.0
1816,58.112,0.0
1817,58.144,0.0
1818,58.176,0.0
1819,58.208,0.0
1820,58.24,0.0
1821,58.272,0.0
1822,58.304,0.460271954536438
1823,58.336,0.44114041328430176
1824,58.368,0.0
1825,58.4,0.0
1826,58.432,0.0
1827,58.464,0.0
1828,58.496,0.0
1829,58.528,0.0
1830,58.56,0.0
1831,58.592,0.0
1832,58.624,0.0
1833,58.656,0.0
1834,58.688,0.0
1835,58.72,0.0
1836,58.752,0.0
1837,58.784,0.0
1838,58.816,0.0
1839,58.848,0.0
1840,58.88,0.0
1841,58.912,0.0
1842,58.944,0.0
1843,58.976,0.0
1844,59.008,0.0
1845,59.04,0.0
1846,59.072,0.0
1847,59.104,0.0
1848,59.136,0.0
1849,59.168,0.0
1850,59.2,0.0
1851,59.232,0.0
1852,59.264,0.0
1853,59.296,0.0
1854,59.328,0.0
1855,59.36,0.0
1856,59.392,0.0
1857,59.424,0.0
1858,59.456,0.0
1859,59.488,0.0
1860,59.52,0.0
1861,59.552,0.0
1862,59.584,0.0
1863,59.616,0.505431056022644
1864,59.648,0.0
1865,59.68,0.0
1866,59.712,0.0
1867,59.744,0.0
1868,59.776,0.0
1869,59.808,0.0
1870,59.84,0.0
1871,59.872,0.0
1872,59.904,0.0
1873,59.936,0.0
1874,59.968,0.0
1875,60.0,0.0
1876,60.032,0.0
1877,60.064,0.0
1878,60.096,0.0
1879,60.128,0.0
1880,60.16,0.0
1881,60.192,0.0
1882,60.224,0.0
1883,60.256,0.0
1884,60.288,0.0
1885,60.32,0.0
1886,60.352,0.5009039640426636
1887,60.384,0.0
1888,60.416,0.0
1889,60.448,0.0
1890,60.48,0.0
1891,60.512,0.0
1892,60.544,0.0
1893,60.576,0.0
1894,60.608,0.0
1895,60.64,0.0
1896,60.672,0.0
1897,60.704,0.0
1898,60.736,0.0
1899,60.768,0.0
1900,60.8,0.0
1901,60.832,0.0
1902,60.864,0.4263736307621002
1903,60.896,0.0
1904,60.928,0.0
1905,60.96,0.0
1906,60.992,0.0
1907,61.024,0.0
1908,61.056,0.0
1909,61.088,0.0
1910,61.12,0.0
1911,61.152,0.0
1912,61.184,0.0
1913,61.216,0.4180205762386322
1914,61.248,0.41384801268577576
1915,61.28,0.0
1916,61.312,0.0
1917,61.344,0.4288780987262726
1918,61.376,0.4195883274078369
1919,61.408,0.0
1920,61.44,0.41859567165374756
1921,61.472,0.0
1922,61.504,0.0
1923,61.536,0.0
1924,61.568,0.0
1925,61.6,0.0
1926,61.632,0.0
1927,61.664,0.0
1928,61.696,0.0
1929,61.728,0.0
1930,61.76,0.0
1931,61.792,0.0
1932,61.824,0.0
1933,61.856,0.0
1934,61.888,0.0
1935,61.92,0.0
1936,61.952,0.0
1937,61.984,0.0
1938,62.016,0.0
1939,62.048,0.0
1940,62.08,0.0
1941,62.112,0.0
1942,62.144,0.0
1943,62.176,0.0
1944,62.208,0.0
1945,62.24,0.0
1946,62.272,0.0
1947,62.304,0.0
1948,62.336,0.0
1949,62.368,0.0
1950,62.4,0.0
1951,62.432,0.0
1952,62.464,0.0
1953,62.496,0.0
1954,62.528,0.0
1955,62.56,0.0
1956,62.592,0.5180486440658569
1957,62.624,0.0
1958,62.656,0.0
1959,62.688,0.0
1960,62.72,0.0
1961,62.752,0.0
1962,62.784,0.0
1963,62.816,0.0
1964,62.848,0.0
1965,62.88,0.0
1966,62.912,0.0
1967,62.944,0.0
1968,62.976,0.0
1969,63.008,0.0
1970,63.04,0.0
1971,63.072,0.0
1972,63.104,0.0
1973,63.136,0.0
1974,63.168,0.0
1975,63.2,0.0
1976,63.232,0.0
1977,63.264,0.0
1978,63.296,0.42226114869117737
1979,63.328,0.4230930805206299
1980,63.36,0.42687365412712097
1981,63.392,0.0
1982,63.424,0.0
1983,63.456,0.42541807889938354
1984,63.488,0.42137911915779114
1985,63.52,0.0
1986,63.552,0.0
1987,63.584,0.0
1988,63.616,0.4229103624820709
1989,63.648,0.41830357909202576
1990,63.68,0.4250221252441406
1991,63.712,0.0
1992,63.744,0.0
1993,63.776,0.4162449538707733
1994,63.808,0.420748770236969
1995,63.84,0.43018630146980286
1996,63.872,0.4299771785736084
1997,63.904,0.0
1998,63.936,0.0
1999,63.968,0.0
2000,64.0,0.0
2001,64.032,0.0
2002,64.064,0.0
2003,64.096,0.0
2004,64.128,0.0
2005,64.16,0.0
2006,64.192,0.0
2007,64.224,0.0
2008,64.256,0.0
2009,64.288,0.0
2010,64.32,0.0
2011,64.352,0.0
2012,64.384,0.0
2013,64.416,0.0
2014,64.448,0.0
2015,64.48,0.0
2016,64.512,0.0
2017,64.544,0.0
2018,64.576,0.0
2019,64.608,0.0
2020,64.64,0.0
2021,64.672,0.0
2022,64.704,0.0
2023,64.736,0.0
2024,64.768,0.0
2025,64.8,0.0
2026,64.832,0.0
2027,64.864,0.0
2028,64.896,0.0
2029,64.928,0.0
2030,64.96,0.45634621381759644
2031,64.992,0.4549393951892853
2032,65.024,0.0
2033,65.056,0.0
2034,65.088,0.46419963240623474
2035,65.12,0.0
2036,65.152,0.0
2037,65.184,0.0
2038,65.216,0.0
2039,65.248,0.0
2040,65.28,0.0
2041,65.312,0.0
2042,65.344,0.0
2043,65.376,0.0
2044,65.408,0.0
2045,65.44,0.0
2046,65.472,0.0
2047,65.504,0.0
2048,65.536,0.0
2049,65.568,0.0
2050,65.6,0.4626500606536865
2051,65.632,0.0
2052,65.664,0.462426096200943
2053,65.696,0.0
2054,65.728,0.4768114984035492
2055,65.76,0.0
2056,65.792,0.0
2057,65.824,0.0
2058,65.856,0.0
2059,65.888,0.0
2060,65.92,0.0
2061,65.952,0.0
2062,65.984,0.46261027455329895
2063,66.016,0.0
2064,66.048,0.0
2065,66.08,0.0
2066,66.112,0.4557659924030304
2067,66.144,0.0
2068,66.176,0.0
2069,66.208,0.0
2070,66.24,0.0
2071,66.272,0.0
2072,66.304,0.0
2073,66.336,0.0
2074,66.368,0.0
2075,66.4,0.0
2076,66.432,0.0
2077,66.464,0.0
2078,66.496,0.0
2079,66.528,0.0
2080,66.56,0.0
2081,66.592,0.0
2082,66.624,0.0
2083,66.656,0.0
2084,66.688,0.0
2085,66.72,0.0
2086,66.752,0.0
2087,66.784,0.0
2088,66.816,0.0
2089,66.848,0.0
2090,66.88,0.0
2091,66.912,0.0
2092,66.944,0.0
2093,66.976,0.0
2094,67.008,0.0
2095,67.04,0.0
2096,67.072,0.0
2097,67.104,0.0
2098,67.136,0.0
2099,67.168,0.0
2100,67.2,0.0
2101,67.232,0.0
2102,67.264,0.0
2103,67.296,0.0
2104,67.328,0.0
2105,67.36,0.0
2106,67.392,0.0
2107,67.424,0.0
2108,67.456,0.0
2109,67.488,0.0
2110,67.52,0.0
2111,67.552,0.0
2112,67.584,0.0
2113,67.616,0.0
2114,67.648,0.0
2115,67.68,0.0
2116,67.712,0.0
2117,67.744,0.0
2118,67.776,0.0
2119,67.808,0.0
2120,67.84,0.0
2121,67.872,0.0
2122,67.904,0.0
2123,67.936,0.0
2124,67.968,0.0
2125,68.0,0.0
2126,68.032,0.0
2127,68.064,0.0
2128,68.096,0.0
2129,68.128,0.0
2130,68.16,0.0
2131,68.192,0.0
2132,68.224,0.0
2133,68.256,0.0
2134,68.288,0.0
2135,68.32,0.0
2136,68.352,0.3404782712459564
2137,68.384,0.0
2138,68.416,0.0
2139,68.448,0.0
2140,68.48,0.0
2141,68.512,0.0
2142,68.544,0.0
2143,68.576,0.0
2144,68.608,0.0
2145,68.64,0.0
2146,68.672,0.0
2147,68.704,0.34631776809692383
2148,68.736,0.34496912360191345
2149,68.768,0.0
2150,68.8,0.0
2151,68.832,0.0
2152,68.864,0.0
2153,68.896,0.0
2154,68.928,0.0
2155,68.96,0.0
2156,68.992,0.0
2157,69.024,0.0
2158,69.056,0.0
2159,69.088,0.34218630194664
2160,69.12,0.0
2161,69.152,0.0
2162,69.184,0.0
2163,69.216,0.0
2164,69.248,0.0
2165,69.28,0.0
2166,69.312,0.34111595153808594
2167,69.344,0.33875125646591187
2168,69.376,0.0
2169,69.408,0.0
2170,69.44,0.0
2171,69.472,0.0
2172,69.504,0.0
2173,69.536,0.0
2174,69.568,0.0
2175,69.6,0.0
2176,69.632,0.0
2177,69.664,0.0
2178,69.696,0.3140033483505249
2179,69.728,0.0
2180,69.76,0.30891677737236023
2181,69.792,0.0
2182,69.824,0.0
2183,69.856,0.32104605436325073
2184,69.888,0.3183651268482208
2185,69.92,0.3171941041946411
2186,69.952,0.3166272044181824
2187,69.984,0.3162105083465576
2188,70.016,0.3138259947299957
2189,70.048,0.0
2190,70.08,0.0
2191,70.112,0.35073328018188477
2192,70.144,0.34675318002700806
2193,70.176,0.34339094161987305
2194,70.208,0.0
2195,70.24,0.0
2196,70.272,0.0
2197,70.304,0.36024898290634155
2198,70.336,0.35698631405830383
2199,70.368,0.3507576584815979
2200,70.4,0.3461073338985443
2201,70.432,0.0
2202,70.464,0.3454988896846771
2203,70.496,0.3506726622581482
2204,70.528,0.35580289363861084
2205,70.56,0.3528023362159729
2206,70.592,0.34454014897346497
2207,70.624,0.3405534327030182
2208,70.656,0.3455403447151184
2209,70.688,0.3508852422237396
2210,70.72,0.3497452735900879
2211,70.752,0.34560227394104004
2212,70.784,0.3464142382144928
2213,70.816,0.35138311982154846
2214,70.848,0.3522498905658722
2215,70.88,0.34911397099494934
2216,70.912,0.0
2217,70.944,0.0
2218,70.976,0.0
2219,71.008,0.0
2220,71.04,0.0
2221,71.072,0.34779733419418335
2222,71.104,0.0
2223,71.136,0.0
2224,71.168,0.0
2225,71.2,0.0
2226,71.232,0.0
2227,71.264,0.0
2228,71.296,0.0
2229,71.328,0.0
2230,71.36,0.0
2231,71.392,0.0
2232,71.424,0.0
2233,71.456,0.0
2234,71.488,0.0
2235,71.52,0.0
2236,71.552,0.0
2237,71.584,0.0
2238,71.616,0.0
2239,71.648,0.0
2240,71.68,0.0
2241,71.712,0.0
2242,71.744,0.0
2243,71.776,0.0
2244,71.808,0.0
2245,71.84,0.0
2246,71.872,0.0
2247,71.904,0.0
2248,71.936,0.0
2249,71.968,0.0
2250,72.0,0.0
2251,72.032,0.0
2252,72.064,0.0
2253,72.096,0.0
2254,72.128,0.0
2255,72.16,0.0
2256,72.192,0.0
2257,72.224,0.0
2258,72.256,0.0
2259,72.288,0.0
2260,72.32,0.0
2261,72.352,0.0
2262,72.384,0.0
2263,72.416,0.0
2264,72.448,0.38016968965530396
2265,72.48,0.38233450055122375
2266,72.512,0.3888882100582123
2267,72.544,0.3925654888153076
2268,72.576,0.0
2269,72.608,0.0
2270,72.64,0.3908868134021759
2271,72.672,0.3958633840084076
2272,72.704,0.3975304663181305
2273,72.736,0.398414671421051
2274,72.768,0.0
2275,72.8,0.41068029403686523
2276,72.832,0.4074120819568634
2277,72.864,0.3988379240036011
2278,72.896,0.0
2279,72.928,0.0
2280,72.96,0.3911524713039398
2281,72.992,0.3934420645236969
2282,73.024,0.394509494304657
2283,73.056,0.3940314054489136
2284,73.088,0.0
2285,73.12,0.0
2286,73.152,0.4304565489292145
2287,73.184,0.4287889897823334
2288,73.216,0.4242238998413086
2289,73.248,0.0
2290,73.28,0.0
2291,73.312,0.0
2292,73.344,0.42297205328941345
2293,73.376,0.4261379539966583
2294,73.408,0.43189844489097595
2295,73.44,0.0
2296,73.472,0.4301210641860962
2297,73.504,0.0
2298,73.536,0.0
2299,73.568,0.0
2300,73.6,0.42793533205986023
2301,73.632,0.0
2302,73.664,0.0
2303,73.696,0.42510849237442017
2304,73.728,0.42935240268707275
2305,73.76,0.0
2306,73.792,0.42617714405059814
2307,73.824,0.0
2308,73.856,0.0
2309,73.888,0.4249155521392822
2310,73.92,0.427313894033432
2311,73.952,0.4258105158805847
2312,73.984,0.42296886444091797
2313,74.016,0.4286220967769623
2314,74.048,0.42503270506858826
2315,74.08,0.0
2316,74.112,0.0
2317,74.144,0.0
2318,74.176,0.0
2319,74.208,0.39801350235939026
2320,74.24,0.3897356390953064
2321,74.272,0.0
2322,74.304,0.0
2323,74.336,0.0
2324,74.368,0.39009231328964233
2325,74.4,0.0
2326,74.432,0.38253065943717957
2327,74.464,0.3694992959499359
2328,74.496,0.0
2329,74.528,0.0
2330,74.56,0.0
2331,74.592,0.0
2332,74.624,0.0
2333,74.656,0.0
2334,74.688,0.0
2335,74.72,0.34539759159088135
2336,74.752,0.3465143144130707
2337,74.784,0.0
2338,74.816,0.35180437564849854
2339,74.848,0.0
2340,74.88,0.3427625298500061
2341,74.912,0.3527050316333771
2342,74.944,0.3605233430862427
2343,74.976,0.36139732599258423
2344,75.008,0.3609122037887573
2345,75.04,0.3586541712284088
2346,75.072,0.35332030057907104
2347,75.104,0.0
2348,75.136,0.0
2349,75.168,0.3501286208629608
2350,75.2,0.34699544310569763
2351,75.232,0.3415796458721161
2352,75.264,0.0
2353,75.296,0.0
2354,75.328,0.0
2355,75.36,0.0
2356,75.392,0.0
2357,75.424,0.0
2358,75.456,0.0
2359,75.488,0.3497036397457123
2360,75.52,0.3498223125934601
2361,75.552,0.0
2362,75.584,0.34245577454566956
2363,75.616,0.0
2364,75.648,0.0
2365,75.68,0.3538298010826111
2366,75.712,0.0
2367,75.744,0.0
2368,75.776,0.0
2369,75.808,0.0
2370,75.84,0.0
2371,75.872,0.0
2372,75.904,0.0
2373,75.936,0.0
2374,75.968,0.0
2375,76.0,0.0
2376,76.032,0.0
2377,76.064,0.0
2378,76.096,0.0
2379,76.128,0.0
2380,76.16,0.0
2381,76.192,0.0
2382,76.224,0.0
2383,76.256,0.0
2384,76.288,0.0
2385,76.32,0.0
2386,76.352,0.0
2387,76.384,0.0
2388,76.416,0.0
2389,76.448,0.0
2390,76.48,0.0
2391,76.512,0.0
2392,76.544,0.0
2393,76.576,0.0
2394,76.608,0.0
2395,76.64,0.0
2396,76.672,0.0
2397,76.704,0.0
2398,76.736,0.0
2399,76.768,0.0
2400,76.8,0.0
2401,76.832,0.0
2402,76.864,0.0
2403,76.896,0.0
2404,76.928,0.0
2405,76.96,0.0
2406,76.992,0.0
2407,77.024,0.0
2408,77.056,0.0
2409,77.088,0.0
2410,77.12,0.0
2411,77.152,0.0
2412,77.184,0.0
2413,77.216,0.0
2414,77.248,0.0
2415,77.28,0.0
2416,77.312,0.0
2417,77.344,0.0
2418,77.376,0.0
2419,77.408,0.0
2420,77.44,0.0
2421,77.472,0.36285948753356934
2422,77.504,0.0
2423,77.536,0.338172972202301
2424,77.568,0.0
2425,77.6,0.3381274342536926
2426,77.632,0.0
2427,77.664,0.0
2428,77.696,0.0
2429,77.728,0.347356379032135
2430,77.76,0.3566858172416687
2431,77.792,0.3653196096420288
2432,77.824,0.0
2433,77.856,0.0
2434,77.888,0.3614068329334259
2435,77.92,0.0
2436,77.952,0.0
2437,77.984,0.0
2438,78.016,0.0
2439,78.048,0.0
2440,78.08,0.0
2441,78.112,0.0
2442,78.144,0.35558947920799255
2443,78.176,0.0
2444,78.208,0.0
2445,78.24,0.3557625114917755
2446,78.272,0.0
2447,78.304,0.36415135860443115
2448,78.336,0.3695864975452423
2449,78.368,0.3727315068244934
2450,78.4,0.0
2451,78.432,0.0
2452,78.464,0.0
2453,78.496,0.41231071949005127
2454,78.528,0.40358468890190125
2455,78.56,0.39570096135139465
2456,78.592,0.39144954085350037
2457,78.624,0.0
2458,78.656,0.0
2459,78.688,0.38266271352767944
2460,78.72,0.39251095056533813
2461,78.752,0.39861273765563965
2462,78.784,0.3988267183303833
2463,78.816,0.39158883690834045
2464,78.848,0.38664039969444275
2465,78.88,0.0
2466,78.912,0.0
2467,78.944,0.0
2468,78.976,0.3870074152946472
2469,79.008,0.3843030631542206
2470,79.04,0.0
2471,79.072,0.0
2472,79.104,0.3940420150756836
2473,79.136,0.39178481698036194
2474,79.168,0.3874456286430359
2475,79.2,0.0
2476,79.232,0.39691588282585144
2477,79.264,0.40030351281166077
2478,79.296,0.0
2479,79.328,0.0
2480,79.36,0.0
2481,79.392,0.0
2482,79.424,0.0
2483,79.456,0.0
2484,79.488,0.0
2485,79.52,0.0
2486,79.552,0.0
2487,79.584,0.0
2488,79.616,0.0
2489,79.648,0.0
2490,79.68,0.0
2491,79.712,0.39980220794677734
2492,79.744,0.39733585715293884
2493,79.776,0.39382728934288025
2494,79.808,0.39237093925476074
2495,79.84,0.39392799139022827
2496,79.872,0.3945845067501068
2497,79.904,0.3921569883823395
2498,79.936,0.3884955942630768
2499,79.968,0.0
2500,80.0,0.0
2501,80.032,0.0
2502,80.064,0.0
2503,80.096,0.3747623562812805
2504,80.128,0.35487180948257446
2505,80.16,0.3468228280544281
2506,80.192,0.0
2507,80.224,0.0
2508,80.256,0.0
2509,80.288,0.0
2510,80.32,0.0
2511,80.352,0.0
2512,80.384,0.0
2513,80.416,0.0
2514,80.448,0.0
2515,80.48,0.0
2516,80.512,0.0
2517,80.544,0.35436999797821045
2518,80.576,0.0
2519,80.608,0.3874809741973877
2520,80.64,0.0
2521,80.672,0.0
2522,80.704,0.39303305745124817
2523,80.736,0.0
2524,80.768,0.39480602741241455
2525,80.8,0.3915819823741913
2526,80.832,0.0
2527,80.864,0.0
2528,80.896,0.0
2529,80.928,0.4549936056137085
2530,80.96,0.453386127948761
2531,80.992,0.45091116428375244
2532,81.024,0.4526631236076355
2533,81.056,0.0
2534,81.088,0.46077316999435425
2535,81.12,0.0
2536,81.152,0.0
2537,81.184,0.0
2538,81.216,0.0
2539,81.248,0.0
2540,81.28,0.42670005559921265
2541,81.312,0.0
2542,81.344,0.0
2543,81.376,0.4230838716030121
2544,81.408,0.41845330595970154
2545,81.44,0.0
2546,81.472,0.0
2547,81.504,0.0
2548,81.536,0.0
2549,81.568,0.0
2550,81.6,0.4182876944541931
2551,81.632,0.4255053699016571
2552,81.664,0.43226221203804016
2553,81.696,0.42432036995887756
2554,81.728,0.41904860734939575
2555,81.76,0.4242526888847351
2556,81.792,0.4284265637397766
2557,81.824,0.4303734004497528
2558,81.856,0.0
2559,81.888,0.0
2560,81.92,0.0
2561,81.952,0.0
2562,81.984,0.0
2563,82.016,0.0
2564,82.048,0.0
2565,82.08,0.0
2566,82.112,0.0
2567,82.144,0.42952191829681396
2568,82.176,0.4296680986881256
2569,82.208,0.4281754791736603
2570,82.24,0.43751826882362366
2571,82.272,0.4498603045940399
2572,82.304,0.0
2573,82.336,0.0
2574,82.368,0.0
2575,82.4,0.0
2576,82.432,0.4574768841266632
2577,82.464,0.0
2578,82.496,0.0
2579,82.528,0.45113545656204224
2580,82.56,0.4611242711544037
2581,82.592,0.0
2582,82.624,0.0
2583,82.656,0.0
2584,82.688,0.4668634235858917
2585,82.72,0.4646555185317993
2586,82.752,0.46467334032058716
2587,82.784,0.0
2588,82.816,0.0
2589,82.848,0.0
2590,82.88,0.0
2591,82.912,0.0
2592,82.944,0.0
2593,82.976,0.0
2594,83.008,0.0
2595,83.04,0.0
2596,83.072,0.0
2597,83.104,0.0
2598,83.136,0.0
2599,83.168,0.44525808095932007
2600,83.2,0.0
2601,83.232,0.42758533358573914
2602,83.264,0.0
2603,83.296,0.0
2604,83.328,0.43021008372306824
2605,83.36,0.0
2606,83.392,0.0
2607,83.424,0.0
2608,83.456,0.0
2609,83.488,0.4269164204597473
2610,83.52,0.4256417155265808
2611,83.552,0.41879796981811523
2612,83.584,0.41959813237190247
2613,83.616,0.427153080701828
2614,83.648,0.0
2615,83.68,0.0
2616,83.712,0.0
2617,83.744,0.0
2618,83.776,0.0
2619,83.808,0.0
2620,83.84,0.0
2621,83.872,0.0
2622,83.904,0.0
2623,83.936,0.0
2624,83.968,0.47425395250320435
2625,84.0,0.0
2626,84.032,0.46173223853111267
2627,84.064,0.0
2628,84.096,0.0
2629,84.128,0.0
2630,84.16,0.0
2631,84.192,0.0
2632,84.224,0.4629153907299042
2633,84.256,0.4712966978549957
2634,84.288,0.47312191128730774
2635,84.32,0.0
2636,84.352,0.4647572934627533
2637,84.384,0.0
2638,84.416,0.0
2639,84.448,0.0
2640,84.48,0.0
2641,84.512,0.0
2642,84.544,0.0
2643,84.576,0.0
2644,84.608,0.0
2645,84.64,0.0
2646,84.672,0.0
2647,84.704,0.0
2648,84.736,0.0
2649,84.768,0.0
2650,84.8,0.0
2651,84.832,0.0
2652,84.864,0.0
2653,84.896,0.0
2654,84.928,0.0
2655,84.96,0.0
2656,84.992,0.0
2657,85.024,0.0
2658,85.056,0.0
2659,85.088,0.0
2660,85.12,0.0
2661,85.152,0.0
2662,85.184,0.0
2663,85.216,0.0
2664,85.248,0.0
2665,85.28,0.0
2666,85.312,0.0
2667,85.344,0.0
2668,85.376,0.0
2669,85.408,0.0
2670,85.44,0.0
2671,85.472,0.0
2672,85.504,0.0
2673,85.536,0.0
2674,85.568,0.0
2675,85.6,0.0
2676,85.632,0.0
2677,85.664,0.0
2678,85.696,0.0
2679,85.728,0.0
2680,85.76,0.0
2681,85.792,0.5014643669128418
2682,85.824,0.5022222399711609
2683,85.856,0.0
2684,85.888,0.0
2685,85.92,0.0
2686,85.952,0.0
2687,85.984,0.0
2688,86.016,0.0
2689,86.048,0.0
2690,86.08,0.0
2691,86.112,0.0
2692,86.144,0.0
2693,86.176,0.0
2694,86.208,0.0
2695,86.24,0.0
2696,86.272,0.0
2697,86.304,0.0
2698,86.336,0.0
2699,86.368,0.3899883031845093
2700,86.4,0.38876935839653015
2701,86.432,0.0
2702,86.464,0.0
2703,86.496,0.0
2704,86.528,0.0
2705,86.56,0.38774773478507996
2706,86.592,0.0
2707,86.624,0.3970262408256531
2708,86.656,0.0
2709,86.688,0.0
2710,86.72,0.0
2711,86.752,0.0
2712,86.784,0.0
2713,86.816,0.43880707025527954
2714,86.848,0.4415781497955322
2715,86.88,0.45499277114868164
2716,86.912,0.0
2717,86.944,0.0
2718,86.976,0.0
2719,87.008,0.0
2720,87.04,0.0
2721,87.072,0.0
2722,87.104,0.0
2723,87.136,0.0
2724,87.168,0.0
2725,87.2,0.0
2726,87.232,0.5229613780975342
2727,87.264,0.0
2728,87.296,0.5217334032058716
2729,87.328,0.0
2730,87.36,0.0
2731,87.392,0.0
2732,87.424,0.0
2733,87.456,0.0
2734,87.488,0.0
2735,87.52,0.0
2736,87.552,0.0
2737,87.584,0.0
2738,87.616,0.0
2739,87.648,0.0
2740,87.68,0.0
2741,87.712,0.0
2742,87.744,0.0
2743,87.776,0.0
2744,87.808,0.0
2745,87.84,0.5305294990539551
2746,87.872,0.0
2747,87.904,0.0
2748,87.936,0.5235246419906616
2749,87.968,0.0
2750,88.0,0.0
2751,88.032,0.0
2752,88.064,0.0
2753,88.096,0.0
2754,88.128,0.0
2755,88.16,0.0
2756,88.192,0.0
2757,88.224,0.0
2758,88.256,0.0
2759,88.288,0.0
2760,88.32,0.0
2761,88.352,0.0
2762,88.384,0.0
2763,88.416,0.5077344179153442
2764,88.448,0.5107990503311157
2765,88.48,0.5064695477485657
2766,88.512,0.49771979451179504
2767,88.544,0.49653616547584534
2768,88.576,0.0
2769,88.608,0.5109495520591736
2770,88.64,0.0
2771,88.672,0.5089974403381348
2772,88.704,0.0
2773,88.736,0.0
2774,88.768,0.0
2775,88.8,0.0
2776,88.832,0.0
2777,88.864,0.0
2778,88.896,0.0
2779,88.928,0.0
2780,88.96,0.0
2781,88.992,0.0
2782,89.024,0.0
2783,89.056,0.0
2784,89.088,0.0
2785,89.12,0.0
2786,89.152,0.0
2787,89.184,0.0
2788,89.216,0.0
2789,89.248,0.0
2790,89.28,0.0
2791,89.312,0.0
2792,89.344,0.0
2793,89.376,0.0
2794,89.408,0.0
2795,89.44,0.0
2796,89.472,0.0
2797,89.504,0.0
2798,89.536,0.0
2799,89.568,0.0
2800,89.6,0.0
2801,89.632,0.4328025281429291
2802,89.664,0.42648133635520935
2803,89.696,0.0
2804,89.728,0.0
2805,89.76,0.0
2806,89.792,0.0
2807,89.824,0.0
2808,89.856,0.4232303202152252
2809,89.888,0.0
2810,89.92,0.0
2811,89.952,0.0
2812,89.984,0.4202421009540558
2813,90.016,0.41775503754615784
2814,90.048,0.4296644926071167
2815,90.08,0.4358990788459778
2816,90.112,0.0
2817,90.144,0.41566747426986694
2818,90.176,0.4212356209754944
2819,90.208,0.4290439486503601
2820,90.24,0.0
2821,90.272,0.0
2822,90.304,0.0
2823,90.336,0.0
2824,90.368,0.0
2825,90.4,0.0
2826,90.432,0.0
2827,90.464,0.0
2828,90.496,0.0
2829,90.528,0.0
2830,90.56,0.0
2831,90.592,0.0
2832,90.624,0.0
2833,90.656,0.0
2834,90.688,0.0
2835,90.72,0.0
2836,90.752,0.0
2837,90.784,0.5015875101089478
2838,90.816,0.0
2839,90.848,0.0
2840,90.88,0.0
2841,90.912,0.0
2842,90.944,0.0
2843,90.976,0.0
2844,91.008,0.504897952079773
2845,91.04,0.0
2846,91.072,0.0
2847,91.104,0.0
2848,91.136,0.5193219780921936
2849,91.168,0.0
2850,91.2,0.0
2851,91.232,0.0
2852,91.264,0.0
2853,91.296,0.0
2854,91.328,0.0
2855,91.36,0.0
2856,91.392,0.0
2857,91.424,0.0
2858,91.456,0.0
2859,91.488,0.0
2860,91.52,0.0
2861,91.552,0.0
2862,91.584,0.0
2863,91.616,0.0
2864,91.648,0.0
2865,91.68,0.0
2866,91.712,0.0
2867,91.744,0.0
2868,91.776,0.0
2869,91.808,0.0
2870,91.84,0.0
2871,91.872,0.0
2872,91.904,0.0
2873,91.936,0.0
2874,91.968,0.0
2875,92.0,0.0
2876,92.032,0.0
2877,92.064,0.0
2878,92.096,0.0
2879,92.128,0.0
2880,92.16,0.0
2881,92.192,0.0
2882,92.224,0.0
2883,92.256,0.0
2884,92.288,0.0
2885,92.32,0.0
2886,92.352,0.0
2887,92.384,0.4186215400695801
2888,92.416,0.4198077619075775
2889,92.448,0.4292484521865845
2890,92.48,0.0
2891,92.512,0.42391452193260193
2892,92.544,0.4182112514972687
2893,92.576,0.4236157536506653
2894,92.608,0.0
2895,92.64,0.4229087829589844
2896,92.672,0.0
2897,92.704,0.0
2898,92.736,0.0
2899,92.768,0.0
2900,92.8,0.0
2901,92.832,0.0
2902,92.864,0.0
2903,92.896,0.0
2904,92.928,0.0
2905,92.96,0.0
2906,92.992,0.0
2907,93.024,0.0
2908,93.056,0.0
2909,93.088,0.5382182598114014
2910,93.12,0.0
2911,93.152,0.0
2912,93.184,0.0
2913,93.216,0.0
2914,93.248,0.0
2915,93.28,0.0
2916,93.312,0.0
2917,93.344,0.0
2918,93.376,0.0
2919,93.408,0.5307139158248901
2920,93.44,0.0
2921,93.472,0.0
2922,93.504,0.5211911201477051
2923,93.536,0.5149896144866943
2924,93.568,0.0
2925,93.6,0.0
2926,93.632,0.0
2927,93.664,0.0
2928,93.696,0.0
2929,93.728,0.0
2930,93.76,0.0
2931,93.792,0.47001469135284424
2932,93.824,0.0
2933,93.856,0.0
2934,93.888,0.0
2935,93.92,0.0
2936,93.952,0.0
2937,93.984,0.0
2938,94.016,0.0
2939,94.048,0.0
2940,94.08,0.0
2941,94.112,0.0
2942,94.144,0.0
2943,94.176,0.0
2944,94.208,0.0
2945,94.24,0.0
2946,94.272,0.0
2947,94.304,0.0
2948,94.336,0.0
2949,94.368,0.0
2950,94.4,0.0
2951,94.432,0.0
2952,94.464,0.0
2953,94.496,0.468037873506546
2954,94.528,0.0
2955,94.56,0.0
2956,94.592,0.4490639567375183
2957,94.624,0.0
2958,94.656,0.0
2959,94.688,0.0
2960,94.72,0.0
2961,94.752,0.5112643241882324
2962,94.784,0.0
2963,94.816,0.0
2964,94.848,0.0
2965,94.88,0.0
2966,94.912,0.0
2967,94.944,0.5336478352546692
2968,94.976,0.5247839689254761
2969,95.008,0.0
2970,95.04,0.0
2971,95.072,0.0
2972,95.104,0.0
2973,95.136,0.0
2974,95.168,0.5243441462516785
2975,95.2,0.0
2976,95.232,0.0
2977,95.264,0.0
2978,95.296,0.0
2979,95.328,0.0
2980,95.36,0.0
2981,95.392,0.5247945785522461
2982,95.424,0.0
2983,95.456,0.0
2984,95.488,0.0
2985,95.52,0.0
2986,95.552,0.0
2987,95.584,0.0
2988,95.616,0.0
2989,95.648,0.0
2990,95.68,0.0
2991,95.712,0.0
2992,95.744,0.0
2993,95.776,0.0
2994,95.808,0.0
2995,95.84,0.0
2996,95.872,0.0
2997,95.904,0.38782015442848206
2998,95.936,0.0
2999,95.968,0.0
3000,96.0,0.0
3001,96.032,0.0
3002,96.064,0.3961098790168762
3003,96.096,0.3933757245540619
3004,96.128,0.38980114459991455
3005,96.16,0.0
3006,96.192,0.0
3007,96.224,0.39187130331993103
3008,96.256,0.3975066542625427
3009,96.288,0.0
3010,96.32,0.40920624136924744
3011,96.352,0.0
3012,96.384,0.0
3013,96.416,0.0
3014,96.448,0.0
3015,96.48,0.0
3016,96.512,0.0
3017,96.544,0.0
3018,96.576,0.0
3019,96.608,0.0
3020,96.64,0.0
3021,96.672,0.0
3022,96.704,0.4624355435371399
3023,96.736,0.0
3024,96.768,0.0
3025,96.8,0.0
3026,96.832,0.0
3027,96.864,0.0
3028,96.896,0.0
3029,96.928,0.0
3030,96.96,0.0
3031,96.992,0.0
3032,97.024,0.0
3033,97.056,0.0
3034,97.088,0.0
3035,97.12,0.0
3036,97.152,0.0
3037,97.184,0.0
3038,97.216,0.0
3039,97.248,0.0
3040,97.28,0.0
3041,97.312,0.0
3042,97.344,0.0
3043,97.376,0.0
3044,97.408,0.0
3045,97.44,0.0
3046,97.472,0.0
3047,97.504,0.0
3048,97.536,0.0
3049,97.568,0.0
3050,97.6,0.0
3051,97.632,0.0
3052,97.664,0.0
3053,97.696,0.0
3054,97.728,0.0
3055,97.76,0.0
3056,97.792,0.0
3057,97.824,0.0
3058,97.856,0.0
3059,97.888,0.0
3060,97.92,0.0
3061,97.952,0.0
3062,97.984,0.0
3063,98.016,0.0
3064,98.048,0.0
3065,98.08,0.0
3066,98.112,0.0
3067,98.144,0.0
3068,98.176,0.0
3069,98.208,0.0
3070,98.24,0.0
3071,98.272,0.0
3072,98.304,0.0
3073,98.336,0.0
3074,98.368,0.0
3075,98.4,0.0
3076,98.432,0.0
3077,98.464,0.0
3078,98.496,0.0
3079,98.528,0.0
3080,98.56,0.0
3081,98.592,0.5179330706596375
3082,98.624,0.0
3083,98.656,0.0
3084,98.688,0.0
3085,98.72,0.0
3086,98.752,0.0
3087,98.784,0.0
3088,98.816,0.0
3089,98.848,0.0
3090,98.88,0.0
3091,98.912,0.0
3092,98.944,0.0
3093,98.976,0.0
3094,99.008,0.0
3095,99.04,0.0
3096,99.072,0.0
3097,99.104,0.0
3098,99.136,0.0
3099,99.168,0.0
3100,99.2,0.0
3101,99.232,0.0
3102,99.264,0.0
3103,99.296,0.0
3104,99.328,0.0
3105,99.36,0.0
3106,99.392,0.0
3107,99.424,0.0
3108,99.456,0.4244536757469177
3109,99.488,0.0
3110,99.52,0.0
3111,99.552,0.0
3112,99.584,0.4211682081222534
3113,99.616,0.41387102007865906
3114,99.648,0.4202615022659302
3115,99.68,0.0
3116,99.712,0.43117132782936096
3117,99.744,0.42083871364593506
3118,99.776,0.4157993793487549
3119,99.808,0.4141370356082916
3120,99.84,0.0
3121,99.872,0.0
3122,99.904,0.0
3123,99.936,0.0
3124,99.968,0.0
3125,100.0,0.0
3126,100.032,0.0
3127,100.064,0.0
3128,100.096,0.0
3129,100.128,0.0
3130,100.16,0.0
3131,100.192,0.0
3132,100.224,0.0
3133,100.256,0.0
3134,100.288,0.0
3135,100.32,0.0
3136,100.352,0.0
3137,100.384,0.0
3138,100.416,0.0
3139,100.448,0.0
3140,100.48,0.0
3141,100.512,0.0
3142,100.544,0.0
3143,100.576,0.0
3144,100.608,0.0
3145,100.64,0.0
3146,100.672,0.0
3147,100.704,0.0
3148,100.736,0.0
3149,100.768,0.5048211216926575
3150,100.8,0.0
3151,100.832,0.0
3152,100.864,0.0
3153,100.896,0.0
3154,100.928,0.0
3155,100.96,0.0
3156,100.992,0.5075868964195251
3157,101.024,0.0
3158,101.056,0.5036990642547607
3159,101.088,0.0
3160,101.12,0.0
3161,101.152,0.0
3162,101.184,0.0
3163,101.216,0.0
3164,101.248,0.0
3165,101.28,0.0
3166,101.312,0.0
3167,101.344,0.0
3168,101.376,0.0
3169,101.408,0.0
3170,101.44,0.0
3171,101.472,0.0
3172,101.504,0.0
3173,101.536,0.0
3174,101.568,0.0
3175,101.6,0.0
3176,101.632,0.0
3177,101.664,0.0
3178,101.696,0.0
3179,101.728,0.0
3180,101.76,0.0
3181,101.792,0.0
3182,101.824,0.0
3183,101.856,0.42211899161338806
3184,101.888,0.0
3185,101.92,0.0
3186,101.952,0.0
3187,101.984,0.42477285861968994
3188,102.016,0.41793447732925415
3189,102.048,0.4226967394351959
3190,102.08,0.0
3191,102.112,0.4284597635269165
3192,102.144,0.4165327847003937
3193,102.176,0.4189823567867279
3194,102.208,0.42749831080436707
3195,102.24,0.43173742294311523
3196,102.272,0.0
3197,102.304,0.0
3198,102.336,0.0
3199,102.368,0.0
3200,102.4,0.0
3201,102.432,0.0
3202,102.464,0.0
3203,102.496,0.0
3204,102.528,0.0
3205,102.56,0.0
3206,102.592,0.0
3207,102.624,0.0
3208,102.656,0.0
3209,102.688,0.0
3210,102.72,0.0
3211,102.752,0.0
3212,102.784,0.0
3213,102.816,0.0
3214,102.848,0.0
3215,102.88,0.0
3216,102.912,0.0
3217,102.944,0.0
3218,102.976,0.0
3219,103.008,0.0
3220,103.04,0.0
3221,103.072,0.0
3222,103.104,0.0
3223,103.136,0.0
3224,103.168,0.0
3225,103.2,0.0
3226,103.232,0.0
3227,103.264,0.0
3228,103.296,0.0
3229,103.328,0.0
3230,103.36,0.45134830474853516
3231,103.392,0.0
3232,103.424,0.0
3233,103.456,0.0
3234,103.488,0.0
3235,103.52,0.0
3236,103.552,0.0
3237,103.584,0.0
3238,103.616,0.0
3239,103.648,0.0
3240,103.68,0.0
3241,103.712,0.0
3242,103.744,0.0
3243,103.776,0.0
3244,103.808,0.0
3245,103.84,0.0
3246,103.872,0.0
3247,103.904,0.0
3248,103.936,0.0
3249,103.968,0.0
3250,104.0,0.0
3251,104.032,0.0
3252,104.064,0.0
3253,104.096,0.0
3254,104.128,0.0
3255,104.16,0.0
3256,104.192,0.4623566269874573
3257,104.224,0.0
3258,104.256,0.0
3259,104.288,0.0
3260,104.32,0.0
3261,104.352,0.0
3262,104.384,0.0
3263,104.416,0.0
3264,104.448,0.0
3265,104.48,0.0
3266,104.512,0.0
3267,104.544,0.0
3268,104.576,0.0
3269,104.608,0.0
3270,104.64,0.0
3271,104.672,0.0
3272,104.704,0.0
3273,104.736,0.0
3274,104.768,0.0
3275,104.8,0.0
3276,104.832,0.0
3277,104.864,0.0
3278,104.896,0.45342931151390076
3279,104.928,0.45300179719924927
3280,104.96,0.0
3281,104.992,0.0
3282,105.024,0.0
3283,105.056,0.0
3284,105.088,0.0
3285,105.12,0.4617277979850769
3286,105.152,0.0
3287,105.184,0.0
3288,105.216,0.4711609184741974
3289,105.248,0.0
3290,105.28,0.0
3291,105.312,0.0
3292,105.344,0.0
3293,105.376,0.0
3294,105.408,0.0
3295,105.44,0.45650485157966614
3296,105.472,0.0
3297,105.504,0.0
3298,105.536,0.0
3299,105.568,0.0
3300,105.6,0.5695050954818726
3301,105.632,0.5771801471710205
3302,105.664,0.0
3303,105.696,0.0
3304,105.728,0.0
3305,105.76,0.5839877128601074
3306,105.792,0.0
3307,105.824,0.0
3308,105.856,0.5848006010055542
3309,105.888,0.0
3310,105.92,0.0
3311,105.952,0.0
3312,105.984,0.0
3313,106.016,0.5934922695159912
3314,106.048,0.5862108469009399
3315,106.08,0.0
3316,106.112,0.0
3317,106.144,0.0
3318,106.176,0.0
3319,106.208,0.0
3320,106.24,0.0
3321,106.272,0.0
3322,106.304,0.0
3323,106.336,0.0
3324,106.368,0.0
3325,106.4,0.0
3326,106.432,0.0
3327,106.464,0.0
3328,106.496,0.0
3329,106.528,0.0
3330,106.56,0.0
3331,106.592,0.0
3332,106.624,0.0
3333,106.656,0.0
3334,106.688,0.0
3335,106.72,0.0
3336,106.752,0.0
3337,106.784,0.0
3338,106.816,0.0
3339,106.848,0.4567960798740387
3340,106.88,0.0
3341,106.912,0.0
3342,106.944,0.0
3343,106.976,0.0
3344,107.008,0.4565180242061615
3345,107.04,0.0
3346,107.072,0.4774633049964905
3347,107.104,0.4617248773574829
3348,107.136,0.0
3349,107.168,0.0
3350,107.2,0.0
3351,107.232,0.0
3352,107.264,0.0
3353,107.296,0.0
3354,107.328,0.5250723361968994
3355,107.36,0.0
3356,107.392,0.0
3357,107.424,0.0
3358,107.456,0.0
3359,107.488,0.0
3360,107.52,0.0
3361,107.552,0.0
3362,107.584,0.0
3363,107.616,0.0
3364,107.648,0.0
3365,107.68,0.0
3366,107.712,0.0
3367,107.744,0.5069812536239624
3368,107.776,0.0
3369,107.808,0.504448413848877
3370,107.84,0.0
3371,107.872,0.0
3372,107.904,0.48095908761024475
3373,107.936,0.0
3374,107.968,0.0
3375,108.0,0.5090863704681396
3376,108.032,0.0
3377,108.064,0.0
3378,108.096,0.0
3379,108.128,0.0
3380,108.16,0.0
3381,108.192,0.0
3382,108.224,0.5174050331115723
3383,108.256,0.0
3384,108.288,0.0
3385,108.32,0.0
3386,108.352,0.0
3387,108.384,0.0
3388,108.416,0.0
3389,108.448,0.0
3390,108.48,0.0
3391,108.512,0.0
3392,108.544,0.0
3393,108.576,0.0
3394,108.608,0.0
3395,108.64,0.0
3396,108.672,0.0
3397,108.704,0.0
3398,108.736,0.0
3399,108.768,0.0
3400,108.8,0.43654289841651917
3401,108.832,0.0
3402,108.864,0.0
3403,108.896,0.0
3404,108.928,0.0
3405,108.96,0.0
3406,108.992,0.4206533133983612
3407,109.024,0.42440685629844666
3408,109.056,0.0
3409,109.088,0.0
3410,109.12,0.42941081523895264
3411,109.152,0.0
3412,109.184,0.4090782403945923
3413,109.216,0.4098321497440338
3414,109.248,0.4220002591609955
3415,109.28,0.4271768033504486
3416,109.312,0.41564449667930603
3417,109.344,0.40831470489501953
3418,109.376,0.41710254549980164
3419,109.408,0.43131303787231445
3420,109.44,0.4369567036628723
3421,109.472,0.0
3422,109.504,0.0
3423,109.536,0.0
3424,109.568,0.0
3425,109.6,0.0
3426,109.632,0.0
3427,109.664,0.0
3428,109.696,0.0
3429,109.728,0.0
3430,109.76,0.0
3431,109.792,0.0
3432,109.824,0.0
3433,109.856,0.0
3434,109.888,0.0
3435,109.92,0.0
3436,109.952,0.0
3437,109.984,0.0
3438,110.016,0.0
3439,110.048,0.0
3440,110.08,0.0
3441,110.112,0.0
3442,110.144,0.0
3443,110.176,0.0
3444,110.208,0.0
3445,110.24,0.0
3446,110.272,0.0
3447,110.304,0.0
3448,110.336,0.0
3449,110.368,0.0
3450,110.4,0.0
3451,110.432,0.0
3452,110.464,0.0
3453,110.496,0.0
3454,110.528,0.6389689445495605
3455,110.56,0.6178959012031555
3456,110.592,0.6186448335647583
3457,110.624,0.0
3458,110.656,0.4765227437019348
3459,110.688,0.0
3460,110.72,0.0
3461,110.752,0.0
3462,110.784,0.0
3463,110.816,0.0
3464,110.848,0.0
3465,110.88,0.0
3466,110.912,0.0
3467,110.944,0.0
3468,110.976,0.5177632570266724
3469,111.008,0.0
3470,111.04,0.0
3471,111.072,0.0
3472,111.104,0.0
3473,111.136,0.0
3474,111.168,0.0
3475,111.2,0.0
3476,111.232,0.0
3477,111.264,0.0
3478,111.296,0.0
3479,111.328,0.0
3480,111.36,0.0
3481,111.392,0.0
3482,111.424,0.0
3483,111.456,0.0
3484,111.488,0.0
3485,111.52,0.0
3486,111.552,0.0
3487,111.584,0.0
3488,111.616,0.0
3489,111.648,0.0
3490,111.68,0.0
3491,111.712,0.0
3492,111.744,0.0
3493,111.776,0.0
3494,111.808,0.0
3495,111.84,0.0
3496,111.872,0.0
3497,111.904,0.0
3498,111.936,0.0
3499,111.968,0.0
3500,112.0,0.0
3501,112.032,0.0
3502,112.064,0.0
3503,112.096,0.0
3504,112.128,0.5208125114440918
3505,112.16,0.0
3506,112.192,0.0
3507,112.224,0.0
3508,112.256,0.0
3509,112.288,0.0
3510,112.32,0.44740214943885803
3511,112.352,0.4396871328353882
3512,112.384,0.0
3513,112.416,0.44091522693634033
3514,112.448,0.0
3515,112.48,0.4297528564929962
3516,112.512,0.4472863972187042
3517,112.544,0.4624664783477783
3518,112.576,0.46550989151000977
3519,112.608,0.4648943245410919
3520,112.64,0.0
3521,112.672,0.4546864330768585
3522,112.704,0.0
3523,112.736,0.0
3524,112.768,0.0
3525,112.8,0.0
3526,112.832,0.0
3527,112.864,0.0
3528,112.896,0.0
3529,112.928,0.46301254630088806
3530,112.96,0.0
3531,112.992,0.0
3532,113.024,0.0
3533,113.056,0.0
3534,113.088,0.0
3535,113.12,0.0
3536,113.152,0.0
3537,113.184,0.0
3538,113.216,0.0
3539,113.248,0.0
3540,113.28,0.0
3541,113.312,0.0
3542,113.344,0.0
3543,113.376,0.0
3544,113.408,0.0
3545,113.44,0.0
3546,113.472,0.0
3547,113.504,0.0
3548,113.536,0.0
3549,113.568,0.0
3550,113.6,0.0
3551,113.632,0.0
3552,113.664,0.0
3553,113.696,0.0
3554,113.728,0.0
3555,113.76,0.0
3556,113.792,0.0
3557,113.824,0.0
3558,113.856,0.0
3559,113.888,0.0
3560,113.92,0.0
3561,113.952,0.0
3562,113.984,0.0
3563,114.016,0.0
3564,114.048,0.0
3565,114.08,0.0
3566,114.112,0.0
3567,114.144,0.0
3568,114.176,0.0
3569,114.208,0.0
3570,114.24,0.0
3571,114.272,0.0
3572,114.304,0.0
3573,114.336,0.0
3574,114.368,0.0
3575,114.4,0.0
3576,114.432,0.0
3577,114.464,0.0
3578,114.496,0.0
3579,114.528,0.0
3580,114.56,0.0
3581,114.592,0.0
3582,114.624,0.0
3583,114.656,0.0
3584,114.688,0.0
3585,114.72,0.0
3586,114.752,0.0
3587,114.784,0.0
3588,114.816,0.0
3589,114.848,0.0
3590,114.88,0.0
3591,114.912,0.0
3592,114.944,0.0
3593,114.976,0.0
3594,115.008,0.0
3595,115.04,0.0
3596,115.072,0.0
3597,115.104,0.0
3598,115.136,0.5109530687332153
3599,115.168,0.508750855922699
3600,115.2,0.0
3601,115.232,0.0
3602,115.264,0.5196567177772522
3603,115.296,0.0
3604,115.328,0.0
3605,115.36,0.0
3606,115.392,0.0
3607,115.424,0.0
3608,115.456,0.0
3609,115.488,0.5045522451400757
3610,115.52,0.0
3611,115.552,0.0
3612,115.584,0.0
3613,115.616,0.0
3614,115.648,0.0
3615,115.68,0.0
3616,115.712,0.0
3617,115.744,0.0
3618,115.776,0.0
3619,115.808,0.0
3620,115.84,0.0
3621,115.872,0.0
3622,115.904,0.0
3623,115.936,0.0
3624,115.968,0.0
3625,116.0,0.0
3626,116.032,0.0
3627,116.064,0.4336448013782501
3628,116.096,0.4267299771308899
3629,116.128,0.0
3630,116.16,0.0
3631,116.192,0.0
3632,116.224,0.0
3633,116.256,0.0
3634,116.288,0.42487019300460815
3635,116.32,0.0
3636,116.352,0.0
3637,116.384,0.0
3638,116.416,0.4132460653781891
3639,116.448,0.0
3640,116.48,0.4342467188835144
3641,116.512,0.4340638816356659
3642,116.544,0.4188998341560364
3643,116.576,0.4139256477355957
3644,116.608,0.0
3645,116.64,0.0
3646,116.672,0.0
3647,116.704,0.0
3648,116.736,0.0
3649,116.768,0.0
3650,116.8,0.0
3651,116.832,0.0
3652,116.864,0.0
3653,116.896,0.0
3654,116.928,0.0
3655,116.96,0.0
3656,116.992,0.0
3657,117.024,0.0
3658,117.056,0.0
3659,117.088,0.0
3660,117.12,0.0
3661,117.152,0.0
3662,117.184,0.0
3663,117.216,0.5111702680587769
3664,117.248,0.5148431658744812
3665,117.28,0.0
3666,117.312,0.0
3667,117.344,0.0
3668,117.376,0.0
3669,117.408,0.0
3670,117.44,0.0
3671,117.472,0.0
3672,117.504,0.0
3673,117.536,0.0
3674,117.568,0.0
3675,117.6,0.0
3676,117.632,0.0
3677,117.664,0.0
3678,117.696,0.0
3679,117.728,0.0
3680,117.76,0.0
3681,117.792,0.0
3682,117.824,0.0
3683,117.856,0.0
3684,117.888,0.0
3685,117.92,0.0
3686,117.952,0.5061756372451782
3687,117.984,0.5080053806304932
3688,118.016,0.0
3689,118.048,0.0
3690,118.08,0.0
3691,118.112,0.0
3692,118.144,0.0
3693,118.176,0.0
3694,118.208,0.0
3695,118.24,0.0
3696,118.272,0.0
3697,118.304,0.0
3698,118.336,0.0
3699,118.368,0.0
3700,118.4,0.0
3701,118.432,0.43965861201286316
3702,118.464,0.0
3703,118.496,0.0
3704,118.528,0.0
3705,118.56,0.0
3706,118.592,0.42454269528388977
3707,118.624,0.0
3708,118.656,0.42433953285217285
3709,118.688,0.41985052824020386
3710,118.72,0.0
3711,118.752,0.0
3712,118.784,0.4227941632270813
3713,118.816,0.4115866720676422
3714,118.848,0.4148496687412262
3715,118.88,0.43070900440216064
3716,118.912,0.0
3717,118.944,0.42533639073371887
3718,118.976,0.42411935329437256
3719,119.008,0.43476688861846924
3720,119.04,0.4373358190059662
3721,119.072,0.0
3722,119.104,0.0
3723,119.136,0.0
3724,119.168,0.0
3725,119.2,0.0
3726,119.232,0.0
3727,119.264,0.0
3728,119.296,0.0
3729,119.328,0.0
3730,119.36,0.0
3731,119.392,0.0
3732,119.424,0.0
3733,119.456,0.5412449836730957
3734,119.488,0.0
3735,119.52,0.0
3736,119.552,0.5502820014953613
3737,119.584,0.0
3738,119.616,0.0
3739,119.648,0.0
3740,119.68,0.0
3741,119.712,0.0
3742,119.744,0.0
3743,119.776,0.0
3744,119.808,0.0
3745,119.84,0.0
3746,119.872,0.0
3747,119.904,0.0
3748,119.936,0.0
3749,119.968,0.5417798757553101
3750,120.0,0.0
3751,120.032,0.0
3752,120.064,0.0
3753,120.096,0.0
3754,120.128,0.0
3755,120.16,0.0
3756,120.192,0.0
3757,120.224,0.0
3758,120.256,0.0
3759,120.288,0.5065821409225464
3760,120.32,0.0
3761,120.352,0.0
3762,120.384,0.0
3763,120.416,0.0
3764,120.448,0.0
3765,120.48,0.0
3766,120.512,0.0
3767,120.544,0.0
3768,120.576,0.0
3769,120.608,0.0
3770,120.64,0.0
3771,120.672,0.0
3772,120.704,0.0
3773,120.736,0.0
3774,120.768,0.0
3775,120.8,0.0
3776,120.832,0.0
3777,120.864,0.0
3778,120.896,0.0
3779,120.928,0.0
3780,120.96,0.0
3781,120.992,0.0
3782,121.024,0.0
3783,121.056,0.0
3784,121.088,0.0
3785,121.12,0.0
3786,121.152,0.0
3787,121.184,0.0
3788,121.216,0.0
3789,121.248,0.0
3790,121.28,0.0
3791,121.312,0.0
3792,121.344,0.0
3793,121.376,0.0
3794,121.408,0.0
3795,121.44,0.0
3796,121.472,0.0
3797,121.504,0.0
3798,121.536,0.0
3799,121.568,0.0
3800,121.6,0.0
3801,121.632,0.0
3802,121.664,0.0
3803,121.696,0.0
3804,121.728,0.0
3805,121.76,0.0
3806,121.792,0.0
3807,121.824,0.0
3808,121.856,0.0
3809,121.888,0.0
3810,121.92,0.5595135688781738
3811,121.952,0.0
3812,121.984,0.0
3813,122.016,0.0
3814,122.048,0.0
3815,122.08,0.0
3816,122.112,0.0
3817,122.144,0.0
3818,122.176,0.0
3819,122.208,0.0
3820,122.24,0.0
3821,122.272,0.0
3822,122.304,0.0
3823,122.336,0.0
3824,122.368,0.0
3825,122.4,0.0
3826,122.432,0.0
3827,122.464,0.0
3828,122.496,0.0
3829,122.528,0.0
3830,122.56,0.0
3831,122.592,0.0
3832,122.624,0.0
3833,122.656,0.0
3834,122.688,0.46639591455459595
3835,122.72,0.4590385854244232
3836,122.752,0.0
3837,122.784,0.0
3838,122.816,0.0
3839,122.848,0.0
3840,122.88,0.0
3841,122.912,0.0
3842,122.944,0.0
3843,122.976,0.0
3844,123.008,0.0
3845,123.04,0.0
3846,123.072,0.0
3847,123.104,0.0
3848,123.136,0.0
3849,123.168,0.0
3850,123.2,0.0
3851,123.232,0.0
3852,123.264,0.0
3853,123.296,0.0
3854,123.328,0.0
3855,123.36,0.0
3856,123.392,0.0
3857,123.424,0.0
3858,123.456,0.0
3859,123.488,0.0
3860,123.52,0.0
3861,123.552,0.0
3862,123.584,0.0
3863,123.616,0.0
3864,123.648,0.0
3865,123.68,0.0
3866,123.712,0.0
3867,123.744,0.0
3868,123.776,0.0
3869,123.808,0.0
3870,123.84,0.0
3871,123.872,0.0
3872,123.904,0.0
3873,123.936,0.0
3874,123.968,0.0
3875,124.0,0.0
3876,124.032,0.0
3877,124.064,0.0
3878,124.096,0.0
3879,124.128,0.0
3880,124.16,0.0
3881,124.192,0.5571324229240417
3882,124.224,0.0
3883,124.256,0.0
3884,124.288,0.0
3885,124.32,0.0
3886,124.352,0.0
3887,124.384,0.0
3888,124.416,0.0
3889,124.448,0.0
3890,124.48,0.0
3891,124.512,0.0
3892,124.544,0.0
3893,124.576,0.0
3894,124.608,0.0
3895,124.64,0.0
3896,124.672,0.0
3897,124.704,0.0
3898,124.736,0.0
3899,124.768,0.0
3900,124.8,0.0
3901,124.832,0.0
3902,124.864,0.0
3903,124.896,0.4723724126815796
3904,124.928,0.472832053899765
3905,124.96,0.47631576657295227
3906,124.992,0.47322607040405273
3907,125.024,0.47027647495269775
3908,125.056,0.0
3909,125.088,0.4727202355861664
3910,125.12,0.47442197799682617
3911,125.152,0.47303107380867004
3912,125.184,0.46940189599990845
3913,125.216,0.0
3914,125.248,0.0
3915,125.28,0.0
3916,125.312,0.0
3917,125.344,0.0
3918,125.376,0.0
3919,125.408,0.0
3920,125.44,0.0
3921,125.472,0.0
3922,125.504,0.0
3923,125.536,0.0
3924,125.568,0.0
3925,125.6,0.0
3926,125.632,0.0
3927,125.664,0.0
3928,125.696,0.0
3929,125.728,0.0
3930,125.76,0.0
3931,125.792,0.0
3932,125.824,0.0
3933,125.856,0.0
3934,125.888,0.0
3935,125.92,0.0
3936,125.952,0.0
3937,125.984,0.0
3938,126.016,0.0
3939,126.048,0.0
3940,126.08,0.0
3941,126.112,0.0
3942,126.144,0.0
3943,126.176,0.0
3944,126.208,0.0
3945,126.24,0.0
3946,126.272,0.0
3947,126.304,0.0
3948,126.336,0.0
3949,126.368,0.0
3950,126.4,0.0
3951,126.432,0.0
3952,126.464,0.0
3953,126.496,0.0
3954,126.528,0.0
3955,126.56,0.0
3956,126.592,0.0
3957,126.624,0.0
3958,126.656,0.0
3959,126.688,0.0
3960,126.72,0.0
3961,126.752,0.0
3962,126.784,0.0
3963,126.816,0.0
3964,126.848,0.0
3965,126.88,0.0
3966,126.912,0.0
3967,126.944,0.0
3968,126.976,0.0
3969,127.008,0.0
3970,127.04,0.0
3971,127.072,0.0
3972,127.104,0.3932114839553833
3973,127.136,0.0
3974,127.168,0.3922419548034668
3975,127.2,0.0
3976,127.232,0.0
3977,127.264,0.4007483124732971
3978,127.296,0.3928554952144623
3979,127.328,0.382672518491745
3980,127.36,0.3872091770172119
3981,127.392,0.3967440128326416
3982,127.424,0.0
3983,127.456,0.39446476101875305
3984,127.488,0.0
3985,127.52,0.0
3986,127.552,0.0
3987,127.584,0.0
3988,127.616,0.0
3989,127.648,0.436678946018219
3990,127.68,0.0
3991,127.712,0.0
3992,127.744,0.0
3993,127.776,0.4610259234905243
3994,127.808,0.4670811891555786
3995,127.84,0.0
3996,127.872,0.0
3997,127.904,0.0
3998,127.936,0.0
3999,127.968,0.0
4000,128.0,0.0
4001,128.032,0.0
4002,128.064,0.0
4003,128.096,0.0
4004,128.128,0.0
4005,128.16,0.0
4006,128.192,0.0
4007,128.224,0.0
4008,128.256,0.0
4009,128.288,0.0
4010,128.32,0.0
4011,128.352,0.0
4012,128.384,0.0
4013,128.416,0.0
4014,128.448,0.0
4015,128.48,0.0
4016,128.512,0.0
4017,128.544,0.0
4018,128.576,0.0
4019,128.608,0.0
4020,128.64,0.0
4021,128.672,0.0
4022,128.704,0.0
4023,128.736,0.0
4024,128.768,0.0
4025,128.8,0.0
4026,128.832,0.0
4027,128.864,0.0
4028,128.896,0.0
4029,128.928,0.0
4030,128.96,0.0
4031,128.992,0.0
4032,129.024,0.0
4033,129.056,0.0
4034,129.088,0.0
4035,129.12,0.0
4036,129.152,0.0
4037,129.184,0.0
4038,129.216,0.0
4039,129.248,0.0
4040,129.28,0.0
4041,129.312,0.0
4042,129.344,0.0
4043,129.376,0.0
4044,129.408,0.0
4045,129.44,0.0
4046,129.472,0.0
4047,129.504,0.0
4048,129.536,0.0
4049,129.568,0.0
4050,129.6,0.0
4051,129.632,0.0
4052,129.664,0.0
4053,129.696,0.0
4054,129.728,0.0
4055,129.76,0.0
4056,129.792,0.5125952959060669
4057,129.824,0.0
4058,129.856,0.0
4059,129.888,0.0
4060,129.92,0.0
4061,129.952,0.0
4062,129.984,0.0
4063,130.016,0.0
4064,130.048,0.0
4065,130.08,0.0
4066,130.112,0.0
4067,130.144,0.0
4068,130.176,0.0
4069,130.208,0.0
4070,130.24,0.0
4071,130.272,0.0
4072,130.304,0.0
4073,130.336,0.0
4074,130.368,0.0
4075,130.4,0.0
4076,130.432,0.0
4077,130.464,0.4293535649776459
4078,130.496,0.0
4079,130.528,0.4250616133213043
4080,130.56,0.0
4081,130.592,0.0
4082,130.624,0.0
4083,130.656,0.0
4084,130.688,0.4261733591556549
4085,130.72,0.0
4086,130.752,0.0
4087,130.784,0.4261350929737091
4088,130.816,0.41537559032440186
4089,130.848,0.4167432487010956
4090,130.88,0.0
4091,130.912,0.0
4092,130.944,0.42176589369773865
4093,130.976,0.0
4094,131.008,0.0
4095,131.04,0.4310421347618103
4096,131.072,0.0
4097,131.104,0.0
4098,131.136,0.0
4099,131.168,0.0
4100,131.2,0.0
4101,131.232,0.0
4102,131.264,0.0
4103,131.296,0.0
4104,131.328,0.0
4105,131.36,0.0
4106,131.392,0.0
4107,131.424,0.0
4108,131.456,0.0
4109,131.488,0.0
4110,131.52,0.0
4111,131.552,0.0
4112,131.584,0.0
4113,131.616,0.0
4114,131.648,0.0
4115,131.68,0.0
4116,131.712,0.0
4117,131.744,0.0
4118,131.776,0.0
4119,131.808,0.0
4120,131.84,0.49938368797302246
4121,131.872,0.0
4122,131.904,0.0
4123,131.936,0.0
4124,131.968,0.518771767616272
4125,132.0,0.0
4126,132.032,0.5073323249816895
4127,132.064,0.0
4128,132.096,0.0
4129,132.128,0.0
4130,132.16,0.0
4131,132.192,0.0
4132,132.224,0.0
4133,132.256,0.0
4134,132.288,0.0
4135,132.32,0.0
4136,132.352,0.0
4137,132.384,0.0
4138,132.416,0.0
4139,132.448,0.0
4140,132.48,0.0
4141,132.512,0.4990956783294678
4142,132.544,0.0
4143,132.576,0.0
4144,132.608,0.0
4145,132.64,0.0
4146,132.672,0.0
4147,132.704,0.0
4148,132.736,0.0
4149,132.768,0.0
4150,132.8,0.0
4151,132.832,0.0
4152,132.864,0.0
4153,132.896,0.0
4154,132.928,0.0
4155,132.96,0.0
4156,132.992,0.0
4157,133.024,0.0
4158,133.056,0.0
4159,133.088,0.42646360397338867
4160,133.12,0.0
4161,133.152,0.0
4162,133.184,0.4267120361328125
4163,133.216,0.0
4164,133.248,0.4203382432460785
4165,133.28,0.0
4166,133.312,0.0
4167,133.344,0.4239290654659271
4168,133.376,0.0
4169,133.408,0.0
4170,133.44,0.0
4171,133.472,0.0
4172,133.504,0.6166728734970093
4173,133.536,0.0
4174,133.568,0.0
4175,133.6,0.0
4176,133.632,0.0
4177,133.664,0.0
4178,133.696,0.0
4179,133.728,0.0
4180,133.76,0.0
4181,133.792,0.5312966108322144
4182,133.824,0.0
4183,133.856,0.0
4184,133.888,0.0
4185,133.92,0.0
4186,133.952,0.0
4187,133.984,0.0
4188,134.016,0.0
4189,134.048,0.0
4190,134.08,0.0
4191,134.112,0.0
4192,134.144,0.0
4193,134.176,0.0
4194,134.208,0.0
4195,134.24,0.0
4196,134.272,0.0
4197,134.304,0.0
4198,134.336,0.5176699161529541
4199,134.368,0.0
4200,134.4,0.0
4201,134.432,0.0
4202,134.464,0.0
4203,134.496,0.0
4204,134.528,0.0
4205,134.56,0.0
4206,134.592,0.0
4207,134.624,0.4641421139240265
4208,134.656,0.4749443233013153
4209,134.688,0.0
4210,134.72,0.0
4211,134.752,0.0
4212,134.784,0.0
4213,134.816,0.0
4214,134.848,0.0
4215,134.88,0.0
4216,134.912,0.0
4217,134.944,0.5079450607299805
4218,134.976,0.0
4219,135.008,0.0
4220,135.04,0.0
4221,135.072,0.0
4222,135.104,0.0
4223,135.136,0.0
4224,135.168,0.0
4225,135.2,0.0
4226,135.232,0.0
4227,135.264,0.0
4228,135.296,0.0
4229,135.328,0.0
4230,135.36,0.0
4231,135.392,0.4556984007358551
4232,135.424,0.0
4233,135.456,0.0
4234,135.488,0.0
4235,135.52,0.0
4236,135.552,0.0
4237,135.584,0.0
4238,135.616,0.0
4239,135.648,0.0
4240,135.68,0.0
4241,135.712,0.0
4242,135.744,0.0
4243,135.776,0.0
4244,135.808,0.0
4245,135.84,0.0
4246,135.872,0.0
4247,135.904,0.0
4248,135.936,0.0
4249,135.968,0.0
4250,136.0,0.0
4251,136.032,0.5197969675064087
4252,136.064,0.0
4253,136.096,0.0
4254,136.128,0.0
4255,136.16,0.0
4256,136.192,0.5260603427886963
4257,136.224,0.0
4258,136.256,0.0
4259,136.288,0.0
4260,136.32,0.0
4261,136.352,0.0
4262,136.384,0.0
4263,136.416,0.0
4264,136.448,0.0
4265,136.48,0.0
4266,136.512,0.0
4267,136.544,0.0
4268,136.576,0.0
4269,136.608,0.0
4270,136.64,0.0
4271,136.672,0.0
4272,136.704,0.0
4273,136.736,0.0
4274,136.768,0.0
4275,136.8,0.39367666840553284
4276,136.832,0.3932954967021942
4277,136.864,0.39584434032440186
4278,136.896,0.0
4279,136.928,0.0
4280,136.96,0.0
4281,136.992,0.0
4282,137.024,0.39928314089775085
4283,137.056,0.0
4284,137.088,0.0
4285,137.12,0.0
4286,137.152,0.0
4287,137.184,0.0
4288,137.216,0.0
4289,137.248,0.0
4290,137.28,0.0
4291,137.312,0.0
4292,137.344,0.0
4293,137.376,0.4544658958911896
4294,137.408,0.0
4295,137.44,0.0
4296,137.472,0.0
4297,137.504,0.0
4298,137.536,0.0
4299,137.568,0.0
4300,137.6,0.0
4301,137.632,0.0
4302,137.664,0.0
4303,137.696,0.0
4304,137.728,0.0
4305,137.76,0.0
4306,137.792,0.0
4307,137.824,0.0
4308,137.856,0.0
4309,137.888,0.0
4310,137.92,0.0
4311,137.952,0.0
4312,137.984,0.0
4313,138.016,0.0
4314,138.048,0.0
4315,138.08,0.0
4316,138.112,0.0
4317,138.144,0.0
4318,138.176,0.0
4319,138.208,0.0
4320,138.24,0.0
4321,138.272,0.0
4322,138.304,0.0
4323,138.336,0.0
4324,138.368,0.0
4325,138.4,0.0
4326,138.432,0.0
4327,138.464,0.0
4328,138.496,0.0
4329,138.528,0.0
4330,138.56,0.0
4331,138.592,0.0
4332,138.624,0.0
4333,138.656,0.0
4334,138.688,0.0
4335,138.72,0.0
4336,138.752,0.0
4337,138.784,0.0
4338,138.816,0.0
4339,138.848,0.5206875801086426
4340,138.88,0.0
4341,138.912,0.0
4342,138.944,0.0
4343,138.976,0.0
4344,139.008,0.0
4345,139.04,0.0
4346,139.072,0.0
4347,139.104,0.0
4348,139.136,0.605056643486023
4349,139.168,0.0
4350,139.2,0.0
4351,139.232,0.0
4352,139.264,0.0
4353,139.296,0.0
4354,139.328,0.0
4355,139.36,0.0
4356,139.392,0.0
4357,139.424,0.0
4358,139.456,0.0
4359,139.488,0.0
4360,139.52,0.0
4361,139.552,0.0
4362,139.584,0.0
4363,139.616,0.0
4364,139.648,0.0
4365,139.68,0.0
4366,139.712,0.0
4367,139.744,0.0
4368,139.776,0.0
4369,139.808,0.0
4370,139.84,0.0
4371,139.872,0.0
4372,139.904,0.0
4373,139.936,0.0
4374,139.968,0.0
4375,140.0,0.0
4376,140.032,0.0
4377,140.064,0.0
4378,140.096,0.0
4379,140.128,0.0
4380,140.16,0.0
4381,140.192,0.0
4382,140.224,0.0
4383,140.256,0.0
4384,140.288,0.0
4385,140.32,0.0
4386,140.352,0.0
4387,140.384,0.0
4388,140.416,0.0
4389,140.448,0.0
4390,140.48,0.0
4391,140.512,0.0
4392,140.544,0.0
4393,140.576,0.0
4394,140.608,0.0
4395,140.64,0.0
4396,140.672,0.0
4397,140.704,0.0
4398,140.736,0.0
4399,140.768,0.0
4400,140.8,0.0
4401,140.832,0.0
4402,140.864,0.0
4403,140.896,0.0
4404,140.928,0.0
4405,140.96,0.0
4406,140.992,0.0
4407,141.024,0.0
4408,141.056,0.0
4409,141.088,0.0
4410,141.12,0.0
4411,141.152,0.0
4412,141.184,0.0
4413,141.216,0.0
4414,141.248,0.6112276911735535
4415,141.28,0.6176581382751465
4416,141.312,0.6037411093711853
4417,141.344,0.0
4418,141.376,0.0
4419,141.408,0.0
4420,141.44,0.0
4421,141.472,0.0
4422,141.504,0.5924311876296997
4423,141.536,0.5921452045440674
4424,141.568,0.0
4425,141.6,0.0
4426,141.632,0.580542802810669
4427,141.664,0.5801094174385071
4428,141.696,0.0
4429,141.728,0.5845123529434204
4430,141.76,0.5919362306594849
4431,141.792,0.0
4432,141.824,0.0
4433,141.856,0.0
4434,141.888,0.0
4435,141.92,0.0
4436,141.952,0.0
4437,141.984,0.0
4438,142.016,0.0
4439,142.048,0.0
4440,142.08,0.0
4441,142.112,0.0
4442,142.144,0.5085852742195129
4443,142.176,0.0
4444,142.208,0.0
4445,142.24,0.5054380893707275
4446,142.272,0.0
4447,142.304,0.0
4448,142.336,0.0
4449,142.368,0.0
4450,142.4,0.501707911491394
4451,142.432,0.0
4452,142.464,0.0
4453,142.496,0.0
4454,142.528,0.0
4455,142.56,0.0
4456,142.592,0.0
4457,142.624,0.0
4458,142.656,0.0
4459,142.688,0.0
4460,142.72,0.0
4461,142.752,0.0
4462,142.784,0.0
4463,142.816,0.0
4464,142.848,0.0
4465,142.88,0.0
4466,142.912,0.0
4467,142.944,0.0
4468,142.976,0.0
4469,143.008,0.0
4470,143.04,0.0
4471,143.072,0.0
4472,143.104,0.0
4473,143.136,0.0
4474,143.168,0.0
4475,143.2,0.0
4476,143.232,0.0
4477,143.264,0.0
4478,143.296,0.0
4479,143.328,0.0
4480,143.36,0.0
4481,143.392,0.0
4482,143.424,0.0
4483,143.456,0.0
4484,143.488,0.0
4485,143.52,0.0
4486,143.552,0.0
4487,143.584,0.0
4488,143.616,0.0
4489,143.648,0.0
4490,143.68,0.0
4491,143.712,0.0
4492,143.744,0.0
4493,143.776,0.0
4494,143.808,0.0
4495,143.84,0.0
4496,143.872,0.0
4497,143.904,0.0
4498,143.936,0.0
4499,143.968,0.0
4500,144.0,0.0
4501,144.032,0.0
4502,144.064,0.0
4503,144.096,0.0
4504,144.128,0.0
4505,144.16,0.0
4506,144.192,0.0
4507,144.224,0.0
4508,144.256,0.0
4509,144.288,0.0
4510,144.32,0.5483846664428711
4511,144.352,0.0
4512,144.384,0.5561991333961487
4513,144.416,0.5571677684783936
4514,144.448,0.0
4515,144.48,0.0
4516,144.512,0.0
4517,144.544,0.0
4518,144.576,0.0
4519,144.608,0.0
4520,144.64,0.0
4521,144.672,0.0
4522,144.704,0.0
4523,144.736,0.0
4524,144.768,0.0
4525,144.8,0.0
4526,144.832,0.0
4527,144.864,0.0
4528,144.896,0.0
4529,144.928,0.0
4530,144.96,0.0
4531,144.992,0.0
4532,145.024,0.0
4533,145.056,0.0
4534,145.088,0.0
4535,145.12,0.0
4536,145.152,0.0
4537,145.184,0.0
4538,145.216,0.0
4539,145.248,0.0
4540,145.28,0.0
4541,145.312,0.0
4542,145.344,0.0
4543,145.376,0.0
4544,145.408,0.0
4545,145.44,0.0
4546,145.472,0.0
4547,145.504,0.0
4548,145.536,0.4600800573825836
4549,145.568,0.45894578099250793
4550,145.6,0.0
4551,145.632,0.0
4552,145.664,0.0
4553,145.696,0.0
4554,145.728,0.4619898796081543
4555,145.76,0.0
4556,145.792,0.0
4557,145.824,0.476683109998703
4558,145.856,0.0
4559,145.888,0.0
4560,145.92,0.0
4561,145.952,0.0
4562,145.984,0.46692249178886414
4563,146.016,0.0
4564,146.048,0.0
4565,146.08,0.0
4566,146.112,0.0
4567,146.144,0.0
4568,146.176,0.0
4569,146.208,0.0
4570,146.24,0.0
4571,146.272,0.0
4572,146.304,0.0
4573,146.336,0.0
4574,146.368,0.0
4575,146.4,0.0
4576,146.432,0.0
4577,146.464,0.0
4578,146.496,0.0
4579,146.528,0.0
4580,146.56,0.0
4581,146.592,0.0
4582,146.624,0.0
4583,146.656,0.0
4584,146.688,0.0
4585,146.72,0.0
4586,146.752,0.5955452919006348
4587,146.784,0.5958777070045471
4588,146.816,0.5862245559692383
4589,146.848,0.5756629705429077
4590,146.88,0.0
4591,146.912,0.5858818292617798
4592,146.944,0.0
4593,146.976,0.0
4594,147.008,0.0
4595,147.04,0.0
4596,147.072,0.0
4597,147.104,0.0
4598,147.136,0.0
4599,147.168,0.0
4600,147.2,0.0
4601,147.232,0.0
4602,147.264,0.0
4603,147.296,0.0
4604,147.328,0.0
4605,147.36,0.0
4606,147.392,0.0
4607,147.424,0.0
4608,147.456,0.0
4609,147.488,0.0
4610,147.52,0.0
4611,147.552,0.0
4612,147.584,0.0
4613,147.616,0.0
4614,147.648,0.0
4615,147.68,0.0
4616,147.712,0.0
4617,147.744,0.0
4618,147.776,0.0
4619,147.808,0.0
4620,147.84,0.0
4621,147.872,0.0
4622,147.904,0.0
4623,147.936,0.0
4624,147.968,0.0
4625,148.0,0.0
4626,148.032,0.0
4627,148.064,0.0
4628,148.096,0.0
4629,148.128,0.0
4630,148.16,0.0
4631,148.192,0.0
4632,148.224,0.0
4633,148.256,0.0
4634,148.288,0.0
4635,148.32,0.0
4636,148.352,0.0
4637,148.384,0.0
4638,148.416,0.0
4639,148.448,0.5070170164108276
4640,148.48,0.0
4641,148.512,0.0
4642,148.544,0.0
4643,148.576,0.0
4644,148.608,0.0
4645,148.64,0.0
4646,148.672,0.0
4647,148.704,0.0
4648,148.736,0.0
4649,148.768,0.0
4650,148.8,0.0
4651,148.832,0.0
4652,148.864,0.0
4653,148.896,0.0
4654,148.928,0.0
4655,148.96,0.0
4656,148.992,0.0
4657,149.024,0.0
4658,149.056,0.0
4659,149.088,0.0
4660,149.12,0.0
4661,149.152,0.0
4662,149.184,0.0
4663,149.216,0.0
4664,149.248,0.0
4665,149.28,0.0
4666,149.312,0.0
4667,149.344,0.0
4668,149.376,0.0
4669,149.408,0.0
4670,149.44,0.0
4671,149.472,0.0
4672,149.504,0.0
4673,149.536,0.0
4674,149.568,0.0
4675,149.6,0.0
4676,149.632,0.43329769372940063
4677,149.664,0.0
4678,149.696,0.0
4679,149.728,0.0
4680,149.76,0.0
4681,149.792,0.0
4682,149.824,0.0
4683,149.856,0.0
4684,149.888,0.0
4685,149.92,0.0
4686,149.952,0.0
4687,149.984,0.0
4688,150.016,0.4107026755809784
4689,150.048,0.0
4690,150.08,0.0
4691,150.112,0.0
4692,150.144,0.0
4693,150.176,0.0
4694,150.208,0.0
4695,150.24,0.0
4696,150.272,0.0
4697,150.304,0.0
4698,150.336,0.0
4699,150.368,0.0
4700,150.4,0.0
4701,150.432,0.0
4702,150.464,0.0
4703,150.496,0.0
4704,150.528,0.0
4705,150.56,0.0
4706,150.592,0.0
4707,150.624,0.0
4708,150.656,0.0
4709,150.688,0.0
4710,150.72,0.0
4711,150.752,0.0
4712,150.784,0.0
4713,150.816,0.0
4714,150.848,0.0
4715,150.88,0.0
4716,150.912,0.0
4717,150.944,0.0
4718,150.976,0.0
4719,151.008,0.0
4720,151.04,0.0
4721,151.072,0.0
4722,151.104,0.0
4723,151.136,0.0
4724,151.168,0.5088330507278442
4725,151.2,0.0
4726,151.232,0.0
4727,151.264,0.0
4728,151.296,0.0
4729,151.328,0.0
4730,151.36,0.0
4731,151.392,0.0
4732,151.424,0.0
4733,151.456,0.0
4734,151.488,0.0
4735,151.52,0.0
4736,151.552,0.0
4737,151.584,0.0
4738,151.616,0.0
4739,151.648,0.0
4740,151.68,0.0
4741,151.712,0.0
4742,151.744,0.0
4743,151.776,0.0
4744,151.808,0.4833203852176666
4745,151.84,0.0
4746,151.872,0.0
4747,151.904,0.0
4748,151.936,0.0
4749,151.968,0.0
4750,152.0,0.0
4751,152.032,0.0
4752,152.064,0.0
4753,152.096,0.0
4754,152.128,0.0
4755,152.16,0.0
4756,152.192,0.0
4757,152.224,0.0
4758,152.256,0.0
4759,152.288,0.0
4760,152.32,0.0
4761,152.352,0.0
4762,152.384,0.0
4763,152.416,0.0
4764,152.448,0.0
4765,152.48,0.0
4766,152.512,0.0
4767,152.544,0.0
4768,152.576,0.0
4769,152.608,0.0
4770,152.64,0.0
4771,152.672,0.0
4772,152.704,0.0
4773,152.736,0.0
4774,152.768,0.0
4775,152.8,0.0
4776,152.832,0.0
4777,152.864,0.0
4778,152.896,0.0
4779,152.928,0.0
4780,152.96,0.0
4781,152.992,0.0
4782,153.024,0.0
4783,153.056,0.0
4784,153.088,0.0
4785,153.12,0.0
4786,153.152,0.0
4787,153.184,0.0
4788,153.216,0.0
4789,153.248,0.0
4790,153.28,0.0
4791,153.312,0.0
4792,153.344,0.0
4793,153.376,0.0
4794,153.408,0.5383034944534302
4795,153.44,0.0
4796,153.472,0.0
4797,153.504,0.0
4798,153.536,0.5233879685401917
4799,153.568,0.5142476558685303
4800,153.6,0.5067659020423889
4801,153.632,0.0
4802,153.664,0.0
4803,153.696,0.0
4804,153.728,0.0
4805,153.76,0.0
4806,153.792,0.0
4807,153.824,0.0
4808,153.856,0.0
4809,153.888,0.0
4810,153.92,0.47237858176231384
4811,153.952,0.0
4812,153.984,0.4749540090560913
4813,154.016,0.0
4814,154.048,0.47085922956466675
4815,154.08,0.0
4816,154.112,0.0
4817,154.144,0.0
4818,154.176,0.0
4819,154.208,0.0
4820,154.24,0.0
4821,154.272,0.0
4822,154.304,0.0
4823,154.336,0.0
4824,154.368,0.0
4825,154.4,0.0
4826,154.432,0.0
4827,154.464,0.0
4828,154.496,0.0
4829,154.528,0.0
4830,154.56,0.0
4831,154.592,0.46071499586105347
4832,154.624,0.0
4833,154.656,0.0
4834,154.688,0.0
4835,154.72,0.0
4836,154.752,0.5182826519012451
4837,154.784,0.5086221098899841
4838,154.816,0.0
4839,154.848,0.0
4840,154.88,0.0
4841,154.912,0.0
4842,154.944,0.0
4843,154.976,0.0
4844,155.008,0.0
4845,155.04,0.0
4846,155.072,0.0
4847,155.104,0.0
4848,155.136,0.0
4849,155.168,0.0
4850,155.2,0.5244962573051453
4851,155.232,0.5255601406097412
4852,155.264,0.0
4853,155.296,0.0
4854,155.328,0.0
4855,155.36,0.0
4856,155.392,0.0
4857,155.424,0.0
4858,155.456,0.0
4859,155.488,0.0
4860,155.52,0.0
4861,155.552,0.524794340133667
4862,155.584,0.0
4863,155.616,0.0
4864,155.648,0.0
4865,155.68,0.0
4866,155.712,0.0
4867,155.744,0.0
4868,155.776,0.0
4869,155.808,0.0
4870,155.84,0.0
4871,155.872,0.0
4872,155.904,0.0
4873,155.936,0.0
4874,155.968,0.0
4875,156.0,0.0
4876,156.032,0.0
4877,156.064,0.3951077163219452
4878,156.096,0.39597317576408386
4879,156.128,0.3915059566497803
4880,156.16,0.3830764591693878
4881,156.192,0.3795665204524994
4882,156.224,0.0
4883,156.256,0.0
4884,156.288,0.0
4885,156.32,0.4067700505256653
4886,156.352,0.0
4887,156.384,0.0
4888,156.416,0.0
4889,156.448,0.0
4890,156.48,0.0
4891,156.512,0.0
4892,156.544,0.0
4893,156.576,0.0
4894,156.608,0.0
4895,156.64,0.0
4896,156.672,0.0
4897,156.704,0.4630192220211029
4898,156.736,0.4426642060279846
4899,156.768,0.0
4900,156.8,0.0
4901,156.832,0.0
4902,156.864,0.0
4903,156.896,0.0
4904,156.928,0.0
4905,156.96,0.0
4906,156.992,0.0
4907,157.024,0.0
4908,157.056,0.0
4909,157.088,0.0
4910,157.12,0.0
4911,157.152,0.0
4912,157.184,0.0
4913,157.216,0.0
4914,157.248,0.0
4915,157.28,0.0
4916,157.312,0.0
4917,157.344,0.0
4918,157.376,0.0
4919,157.408,0.0
4920,157.44,0.0
4921,157.472,0.0
4922,157.504,0.0
4923,157.536,0.0
4924,157.568,0.0
4925,157.6,0.0
4926,157.632,0.0
4927,157.664,0.0
4928,157.696,0.0
4929,157.728,0.0
4930,157.76,0.0
4931,157.792,0.0
4932,157.824,0.0
4933,157.856,0.0
4934,157.888,0.0
4935,157.92,0.0
4936,157.952,0.0
4937,157.984,0.0
4938,158.016,0.0
4939,158.048,0.0
4940,158.08,0.0
4941,158.112,0.0
4942,158.144,0.0
4943,158.176,0.0
4944,158.208,0.0
4945,158.24,0.0
4946,158.272,0.0
4947,158.304,0.0
4948,158.336,0.0
4949,158.368,0.0
4950,158.4,0.0
4951,158.432,0.0
4952,158.464,0.0
4953,158.496,0.0
4954,158.528,0.0
4955,158.56,0.0
4956,158.592,0.0
4957,158.624,0.0
4958,158.656,0.0
4959,158.688,0.0
4960,158.72,0.0
4961,158.752,0.0
4962,158.784,0.0
4963,158.816,0.0
4964,158.848,0.0
4965,158.88,0.0
4966,158.912,0.0
4967,158.944,0.0
4968,158.976,0.0
4969,159.008,0.0
4970,159.04,0.0
4971,159.072,0.0
4972,159.104,0.0
4973,159.136,0.0
4974,159.168,0.0
4975,159.2,0.0
4976,159.232,0.0
4977,159.264,0.4303961992263794
4978,159.296,0.0
4979,159.328,0.0
4980,159.36,0.0
4981,159.392,0.0
4982,159.424,0.0
4983,159.456,0.0
4984,159.488,0.0
4985,159.52,0.0
4986,159.552,0.0
4987,159.584,0.0
4988,159.616,0.0
4989,159.648,0.0
4990,159.68,0.0
4991,159.712,0.0
4992,159.744,0.0
4993,159.776,0.421753466129303
4994,159.808,0.41850581765174866
4995,159.84,0.0
4996,159.872,0.0
4997,159.904,0.0
4998,159.936,0.0
4999,159.968,0.0
5000,160.0,0.0
5001,160.032,0.0
5002,160.064,0.0
5003,160.096,0.0
5004,160.128,0.0
5005,160.16,0.0
5006,160.192,0.0
5007,160.224,0.0
5008,160.256,0.0
5009,160.288,0.0
5010,160.32,0.0
5011,160.352,0.0
5012,160.384,0.0
5013,160.416,0.0
5014,160.448,0.0
5015,160.48,0.0
5016,160.512,0.0
5017,160.544,0.0
5018,160.576,0.0
5019,160.608,0.0
5020,160.64,0.0
5021,160.672,0.0
5022,160.704,0.0
5023,160.736,0.0
5024,160.768,0.0
5025,160.8,0.0
5026,160.832,0.0
5027,160.864,0.0
5028,160.896,0.0
5029,160.928,0.0
5030,160.96,0.0
5031,160.992,0.0
5032,161.024,0.0
5033,161.056,0.0
5034,161.088,0.0
5035,161.12,0.0
5036,161.152,0.0
5037,161.184,0.0
5038,161.216,0.0
5039,161.248,0.0
5040,161.28,0.0
5041,161.312,0.0
5042,161.344,0.0
5043,161.376,0.0
5044,161.408,0.0
5045,161.44,0.0
5046,161.472,0.0
5047,161.504,0.0
5048,161.536,0.0
5049,161.568,0.0
5050,161.6,0.0
5051,161.632,0.0
5052,161.664,0.4314284026622772
5053,161.696,0.0
5054,161.728,0.0
5055,161.76,0.0
5056,161.792,0.0
5057,161.824,0.0
5058,161.856,0.0
5059,161.888,0.0
5060,161.92,0.0
5061,161.952,0.0
5062,161.984,0.0
5063,162.016,0.0
5064,162.048,0.0
5065,162.08,0.0
5066,162.112,0.0
5067,162.144,0.0
5068,162.176,0.0
5069,162.208,0.0
5070,162.24,0.0
5071,162.272,0.0
5072,162.304,0.0
5073,162.336,0.0
5074,162.368,0.0
5075,162.4,0.0
5076,162.432,0.0
5077,162.464,0.0
5078,162.496,0.0
5079,162.528,0.0
5080,162.56,0.0
5081,162.592,0.0
5082,162.624,0.0
5083,162.656,0.5366823673248291
5084,162.688,0.0
5085,162.72,0.0
5086,162.752,0.0
5087,162.784,0.0
5088,162.816,0.0
5089,162.848,0.0
5090,162.88,0.0
5091,162.912,0.0
5092,162.944,0.0
5093,162.976,0.0
5094,163.008,0.0
5095,163.04,0.0
5096,163.072,0.0
5097,163.104,0.0
5098,163.136,0.0
5099,163.168,0.0
5100,163.2,0.5089224576950073
5101,163.232,0.0
5102,163.264,0.0
5103,163.296,0.0
5104,163.328,0.0
5105,163.36,0.0
5106,163.392,0.0
5107,163.424,0.0
5108,163.456,0.0
5109,163.488,0.0
5110,163.52,0.0
5111,163.552,0.0
5112,163.584,0.0
5113,163.616,0.0
5114,163.648,0.0
5115,163.68,0.0
5116,163.712,0.0
5117,163.744,0.0
5118,163.776,0.0
5119,163.808,0.0
5120,163.84,0.46171799302101135
5121,163.872,0.0
5122,163.904,0.0
5123,163.936,0.0
5124,163.968,0.47580766677856445
5125,164.0,0.0
5126,164.032,0.0
5127,164.064,0.0
5128,164.096,0.0
5129,164.128,0.0
5130,164.16,0.0
5131,164.192,0.0
5132,164.224,0.0
5133,164.256,0.0
5134,164.288,0.0
5135,164.32,0.0
5136,164.352,0.0
5137,164.384,0.0
5138,164.416,0.0
5139,164.448,0.0
5140,164.48,0.0
5141,164.512,0.0
5142,164.544,0.0
5143,164.576,0.0
5144,164.608,0.0
5145,164.64,0.0
5146,164.672,0.0
5147,164.704,0.0
5148,164.736,0.0
5149,164.768,0.0
5150,164.8,0.0
5151,164.832,0.0
5152,164.864,0.0
5153,164.896,0.0
5154,164.928,0.0
5155,164.96,0.0
5156,164.992,0.0
5157,165.024,0.0
5158,165.056,0.0
5159,165.088,0.0
5160,165.12,0.0
5161,165.152,0.0
5162,165.184,0.0
5163,165.216,0.0
5164,165.248,0.0
5165,165.28,0.0
5166,165.312,0.0
5167,165.344,0.0
5168,165.376,0.0
5169,165.408,0.0
5170,165.44,0.0
5171,165.472,0.0
5172,165.504,0.0
5173,165.536,0.0
5174,165.568,0.0
5175,165.6,0.0
5176,165.632,0.0
5177,165.664,0.0
5178,165.696,0.0
5179,165.728,0.0
5180,165.76,0.0
5181,165.792,0.0
5182,165.824,0.0
5183,165.856,0.0
5184,165.888,0.0
5185,165.92,0.0
5186,165.952,0.0
5187,165.984,0.0
5188,166.016,0.0
5189,166.048,0.0
5190,166.08,0.0
5191,166.112,0.0
5192,166.144,0.0
5193,166.176,0.0
5194,166.208,0.0
5195,166.24,0.0
5196,166.272,0.0
5197,166.304,0.0
5198,166.336,0.0
5199,166.368,0.0
5200,166.4,0.0
5201,166.432,0.0
5202,166.464,0.0
5203,166.496,0.0
5204,166.528,0.0
5205,166.56,0.0
5206,166.592,0.0
5207,166.624,0.0
5208,166.656,0.0
5209,166.688,0.0
5210,166.72,0.0
5211,166.752,0.0
5212,166.784,0.0
5213,166.816,0.0
5214,166.848,0.0
5215,166.88,0.0
5216,166.912,0.0
5217,166.944,0.0
5218,166.976,0.0
5219,167.008,0.0
5220,167.04,0.0
5221,167.072,0.0
5222,167.104,0.0
5223,167.136,0.0
5224,167.168,0.0
5225,167.2,0.0
5226,167.232,0.0
5227,167.264,0.0
5228,167.296,0.0
5229,167.328,0.0
5230,167.36,0.0
5231,167.392,0.0
5232,167.424,0.0
5233,167.456,0.0
5234,167.488,0.0
5235,167.52,0.0
5236,167.552,0.0
5237,167.584,0.0
5238,167.616,0.0
5239,167.648,0.0
5240,167.68,0.0
5241,167.712,0.0
5242,167.744,0.0
5243,167.776,0.0
5244,167.808,0.0
5245,167.84,0.0
5246,167.872,0.0
5247,167.904,0.0
5248,167.936,0.0
5249,167.968,0.0
5250,168.0,0.0
5251,168.032,0.0
5252,168.064,0.0
5253,168.096,0.0
5254,168.128,0.0
5255,168.16,0.0
5256,168.192,0.0
5257,168.224,0.0
5258,168.256,0.0
5259,168.288,0.0
5260,168.32,0.0
5261,168.352,0.0
5262,168.384,0.0
5263,168.416,0.0
5264,168.448,0.0
5265,168.48,0.0
5266,168.512,0.0
5267,168.544,0.0
5268,168.576,0.0
